"indice";"id";"protocoloRN";"siglaTribunal";"grau";"grau_valido";"classeProcessual";"classeProcessual_valida";"numero";"numero_valido";"faseProcessual";"segmentoJustica";"assuntos";"assuntos_count";"assuntos_validos";"assuntos_invalidos";"assuntos_invalidos_count";"dataAjuizamento";"dataAjuizamento_parsed";"dataAjuizamento_valida";"millisInsercao";"millisInsercao_parsed";"orgaoJulgador_codigoOrgao";"orgaoJulgador_valido";"codigoLocalidade";"codigoLocalidade_valido";"nivelSigilo";"procEl";"procEl_valido";"dscSistema";"dscSistema_valido";"polo_at_count";"polo_at_fisica_count";"polo_at_fisica_documento_count";"polo_at_fisica_documento_valido_count";"polo_at_fisica_sem_nome_count";"polo_at_fisica_sem_sexo_count";"polo_at_fisica_sem_dataNascimento_count";"polo_at_fisica_sexo_array";"polo_at_juridica_count";"polo_at_juridica_documento_count";"polo_at_juridica_documento_valido_count";"polo_at_autoridade_count";"polo_at_orgaorepresentacao_count";"polo_pa_count";"polo_pa_fisica_count";"polo_pa_fisica_documento_count";"polo_pa_fisica_documento_valido_count";"polo_pa_fisica_sem_nome_count";"polo_pa_fisica_sem_sexo_count";"polo_pa_fisica_sem_dataNascimento_count";"polo_pa_fisica_sexo_array";"polo_pa_juridica_count";"polo_pa_juridica_documento_count";"polo_pa_juridica_documento_valido_count";"polo_pa_autoridade_count";"polo_pa_orgaorepresentacao_count";"polo_vi_count";"polo_vi_fisica_count";"polo_vi_juridica_count";"polo_vi_autoridade_count";"polo_vi_orgaorepresentacao_count";"mov_count";"mov_count_invalido";"mov_array_invalido";"mov_exige_complemento_count";"mov_exige_complemento_sem_complemento";"mov_exige_complemento_count_invalido";"mov_exige_complemento_array_invalido";"mov_dataHora_count_invalido";"mov_magistradoProlator_count";"mov_magistradoProlator_count_invalido";"mov_ultimo_nivel_count_invalido";"mov_ultimo_nivel_array_invalido";"mov_1st_recebimento_cod";"mov_1st_recebimento_descricao";"mov_1st_recebimento_complemento";"mov_1st_recebimento_dataHora";"mov_1st_recebimento_ano";"mov_1st_denuncia_queixa_cod";"mov_1st_denuncia_queixa_dataHora";"mov_1st_denuncia_queixa_ano";"mov_1st_julgamento_cod";"mov_1st_julgamento_descricao";"mov_1st_julgamento_dataHora";"mov_1st_julgamento_ano";"mov_1st_tree_385_cod";"mov_1st_tree_385_descricao";"mov_1st_tree_385_dataHora";"mov_1st_tree_385_ano";"mov_1st_baixa_cod";"mov_1st_baixa_descricao";"mov_1st_baixa_dataHora";"mov_1st_baixa_complemento";"mov_1st_baixa_ano";"mov_last_baixa_cod";"mov_last_baixa_descricao";"mov_last_baixa_dataHora";"mov_last_baixa_complemento";"mov_last_baixa_ano";"mov_1st_execucao_iniciada_cod";"mov_1st_execucao_iniciada_descricao";"mov_1st_execucao_iniciada_dataHora";"mov_1st_execucao_iniciada_complemento";"mov_1st_execucao_iniciada_classe_anterior";"mov_1st_execucao_iniciada_classe_nova";"mov_1st_homolog_revog_cod";"mov_1st_homolog_revog_descricao";"mov_1st_homolog_revog_dataHora";"mov_1st_homolog_revog_ano";"mov_1st_conc_deneg_cod";"mov_1st_conc_deneg_descricao";"mov_1st_conc_deneg_dataHora";"mov_1st_conc_deneg_ano";"mov_1st_decreta_falencia_cod";"mov_1st_decreta_falencia_descricao";"mov_1st_decreta_falencia_dataHora";"mov_1st_decreta_falencia_ano";"mov_last_sobrestamento_cod";"mov_last_sobrestamento_descricao";"mov_last_sobrestamento_dataHora";"mov_last_sobrestamento_ano";"mov_last_dessobrestamento_cod";"mov_last_dessobrestamento_descricao";"mov_last_dessobrestamento_dataHora";"mov_last_dessobrestamento_ano";"mov_last_mov_cod";"mov_last_mov_descricao";"mov_last_mov_dataHora";"mov_last_mov_ano";"mov_Sent_count";"mov_Sent_count_2018";"mov_Sent_count_2019";"mov_Sent_count_2020";"mov_Sent_count_2021";"mov_Sent_count_2022";"mov_Sent_array_data";"mov_Sent_homolog_count";"mov_Sent_homolog_count_2018";"mov_Sent_homolog_count_2019";"mov_Sent_homolog_count_2020";"mov_Sent_homolog_count_2021";"mov_Sent_homolog_count_2022";"mov_SentC_count";"mov_SentC_count_2018";"mov_SentC_count_2019";"mov_SentC_count_2020";"mov_SentC_count_2021";"mov_SentC_count_2022";"mov_SentC_array_data";"mov_Liminar_count";"mov_Liminar_count_2018";"mov_Liminar_count_2019";"mov_Liminar_count_2020";"mov_Liminar_count_2021";"mov_Liminar_count_2022";"mov_Audiencia_count";"mov_Audiencia_count_invalida";"mov_AudConc_count";"mov_AudConc_count_2018";"mov_AudConc_count_2019";"mov_AudConc_count_2020";"mov_AudConc_count_2021";"mov_AudConc_count_2022";"mov_AudConc_array_data";"mov_last_51_cod";"mov_last_51_descricao";"mov_last_51_dataHora";"mov_last_julgamento_cod";"mov_last_julgamento_descricao";"mov_last_julgamento_dataHora";"mov_1st_sessao_juri_cod";"mov_1st_sessao_juri_descricao";"mov_1st_sessao_juri_dataHora";"mov_1st_sessao_juri_complemento";"mov_1st_condenacao_procedente_cod";"mov_1st_condenacao_procedente_descricao";"mov_1st_condenacao_procedente_dataHora";"mov_distribuicao_cancelada_flag";"mov_remessa_count";"mov_remessa_count_invalida";"mov_mudanca_classe_count";"mov_mudanca_classe_count_invalida";"mov_mudanca_classe_codigos";"mov_mudanca_classe_datas";"mov_mudanca_classe_anteriores";"mov_mudanca_classe_novas";"mov_mudanca_classe_complementos";"mov_suspencao_count";"mov_suspencao_count_invalida";"mov_suspencao_complementos";"mov_medida_protetiva_count";"mov_medida_protetiva_count_invalida";"mov_medida_protetiva_complementos";"mov_procedimento_restaurativo_count";"mov_procedimento_restaurativo_count_invalido";"mov_procedimento_restaurativo_complementos";"mov_last_reativacao_cod";"mov_last_reativacao_descricao";"mov_last_reativacao_dataHora";"classesProcessuais"
"processos-tjmsp";"TJMSP_11041_G1_15662_00001322720169260030";"TJMSP98264202108041628090867414";"TJMSP";"G1";"True";11041;"True";1322720169260030;"True";1;"Justiça Militar Estadual";"11345";1;"True";NA;0;2,0161121e+13;2,0161121e+13;"True";1628090871004;20210804122751;15662;"True";3550308;"True";0;2;"True";8;"True";1;0;0;0;0;0;0;"";1;1;1;0;0;1;1;1;1;0;0;0;"M";0;0;0;0;0;0;0;0;0;0;55;0;NA;27;0;0;"";0;3;0;0;NA;"132";NA;"['Recebidos os autos']";2,0160118e+13;2016;"391.0";2,016051e+13;2016;"";NA;NA;NA;"";NA;NA;NA;"246.0";NA;2,0170216e+13;"";"2017.0";"246.0";NA;2,0170216e+13;"";"2017.0";"";NA;NA;"";"";"";NA;NA;NA;NA;NA;NA;NA;NA;NA;NA;NA;NA;NA;NA;NA;NA;NA;NA;NA;NA;"123";NA;2,0171018e+13;2017;0;0;0;0;0;0;"[]";0;0;0;0;0;0;0;0;0;0;0;0;"[]";0;0;0;0;0;0;10;0;0;0;0;0;0;0;"[]";"51.0";NA;2,0170216e+13;"";NA;NA;NA;NA;NA;NA;"";NA;NA;"False";4;0;0;0;NA;NA;NA;NA;"";0;0;NA;0;0;NA;0;0;NA;"";NA;NA;"[11041]"
"processos-tjmsp";"TJMSP_11041_G1_15663_00009781420169260040";"TJMSP64852202108041628090855404";"TJMSP";"G1";"True";11041;"True";9781420169260040;"True";1;"Justiça Militar Estadual";"11327";1;"True";NA;0;2,0160523e+13;2,0160523e+13;"True";1628090857492;20210804122737;15663;"True";3550308;"True";0;2;"True";8;"True";1;0;0;0;0;0;0;"";1;1;1;0;0;1;1;1;1;0;0;0;"F";0;0;0;0;0;0;0;0;0;0;34;0;NA;16;0;0;"";0;3;0;0;NA;"391";NA;"['1:nome_da_parte:CINTIA REGINA SARDINHA']";2,016033e+13;2016;"391.0";2,016033e+13;2016;"1042.0";NA;2,0200212e+13;2020;"1042.0";NA;2,0200212e+13;2020;"123.0";NA;2,0160803e+13;"18:motivo_da_remessa:38";"2016.0";"246.0";NA;2,0200507e+13;"";"2020.0";"";NA;NA;"";"";"";NA;NA;NA;NA;NA;NA;NA;NA;NA;NA;NA;NA;NA;NA;NA;NA;NA;NA;NA;NA;"51";NA;2,0201217e+13;2020;1;0;0;1;0;0;"['20200212000000']";0;0;0;0;0;0;1;0;0;1;0;0;"['20200212000000']";0;0;0;0;0;0;5;0;0;0;0;0;0;0;"[]";"51.0";NA;2,0201217e+13;"1042.0";NA;2,0200212e+13;NA;NA;NA;NA;"";NA;NA;"False";1;0;0;0;NA;NA;NA;NA;"";0;0;NA;0;0;NA;0;0;NA;"";NA;NA;"[11041]"
"processos-tjmsp";"TJMSP_11041_G1_15662_00012583920219260030";"TJMSP74710202111051636134121756";"TJMSP";"G1";"True";11041;"True";12583920219260030;"True";1;"Justiça Militar Estadual";"11265";1;"True";NA;0;2,0210427e+13;2,0210427e+13;"True";1636134252950;20211105144412;15662;"True";3550308;"True";0;2;"True";8;"True";1;0;0;0;0;0;0;"";1;1;1;0;0;1;1;1;1;0;0;0;"M";0;0;0;0;0;0;0;0;0;0;18;0;NA;5;0;0;"";0;3;0;0;NA;"391";NA;"['1:nome_da_parte:MINISTÉRIO PÚBLICO']";2,0210208e+13;2021;"391.0";2,0210208e+13;2021;"";NA;NA;NA;"";NA;NA;NA;"";NA;NA;"";"";"";NA;NA;"";"";"";NA;NA;"";"";"";NA;NA;NA;NA;NA;NA;NA;NA;NA;NA;NA;NA;NA;NA;NA;NA;NA;NA;NA;NA;"60";NA;2,0211028e+13;2021;0;0;0;0;0;0;"[]";0;0;0;0;0;0;0;0;0;0;0;0;"[]";0;0;0;0;0;0;1;0;0;0;0;0;0;0;"[]";"51.0";NA;2,0211015e+13;"";NA;NA;NA;NA;NA;NA;"";NA;NA;"False";0;0;0;0;NA;NA;NA;NA;"";0;0;NA;0;0;NA;0;0;NA;"";NA;NA;"[11041]"
"processos-tjmsp";"TJMSP_313_G1_15661_00018095020199260010";"TJMSP97509202110051633445138842";"TJMSP";"G1";"True";313;"True";18095020199260008;"True";1;"Justiça Militar Estadual";"3582";1;"True";NA;0;2,0201119e+13;2,0201119e+13;"True";1634355634492;20211016004034;15661;"True";3550308;"True";0;2;"True";8;"True";1;0;0;0;0;0;0;"";1;1;1;0;0;2;2;2;2;0;0;0;"M, M";0;0;0;0;0;0;0;0;0;0;41;0;NA;13;0;0;"";0;2;0;0;NA;"132";NA;"['Recebidos os autos']";2,0190325e+13;2019;"391.0";2,0200911e+13;2020;"";NA;NA;NA;"";NA;NA;NA;"";NA;NA;"";"";"";NA;NA;"";"";"";NA;NA;"";"";"";NA;NA;NA;NA;NA;NA;NA;NA;NA;NA;NA;NA;NA;NA;NA;NA;NA;NA;NA;NA;"132";NA;2,0210901e+13;2021;0;0;0;0;0;0;"[]";0;0;0;0;0;0;0;0;0;0;0;0;"[]";0;0;0;0;0;0;0;0;0;0;0;0;0;0;"[]";"51.0";NA;2,0210827e+13;"";NA;NA;NA;NA;NA;NA;"";NA;NA;"False";6;0;0;0;NA;NA;NA;NA;"";0;0;NA;0;0;NA;0;0;NA;"";NA;NA;"[313]"
"processos-tjmsp";"TJMSP_7_G1_17970_00019931520159260020";"TJMSP58355202109041630756776789";"TJMSP";"G1";"True";7;"True";19931520159260020;"True";1;"Justiça Militar Estadual";"10328";1;"True";NA;0;2,0150608e+13;2,0150608e+13;"True";1630756778661;20210904085938;17970;"True";3550308;"True";0;2;"True";8;"True";1;1;1;1;0;0;0;"M";0;0;0;0;0;1;0;0;0;0;0;0;"";1;1;1;0;0;0;0;0;0;0;24;0;NA;11;0;0;"";0;12;0;0;NA;"26";NA;"['2:tipo_de_distribuicao_redistribuicao:3:prevenção']";2,0150608e+13;2015;"";NA;NA;"220.0";NA;2,0160526e+13;2016;"220.0";NA;2,0160526e+13;2016;"246.0";NA;2,0190205e+13;"";"2019.0";"246.0";NA;2,0190205e+13;"";"2019.0";"";NA;NA;"";"";"";NA;NA;NA;NA;NA;NA;NA;NA;NA;NA;NA;NA;NA;NA;NA;NA;NA;NA;NA;NA;"246";NA;2,0190205e+13;2019;1;0;0;0;0;0;"['20160526000000']";0;0;0;0;0;0;1;0;0;0;0;0;"['20160526000000']";0;0;0;0;0;0;0;0;0;0;0;0;0;0;"[]";"51.0";NA;2,0180726e+13;"220.0";NA;2,0160526e+13;NA;NA;NA;NA;"220.0";NA;2,0160526e+13;"False";0;0;0;0;NA;NA;NA;NA;"";0;0;NA;0;0;NA;0;0;NA;"";NA;NA;"[7]"
"processos-tjmsp";"TJMSP_241_G1_17970_00024626120159260020";"TJMSP48227202109041630756779194";"TJMSP";"G1";"True";241;"True";24626120159260020;"True";1;"Justiça Militar Estadual";"9196";1;"True";NA;0;2,0150707e+13;2,0150707e+13;"True";1630756780124;20210904085940;17970;"True";3550308;"True";0;2;"True";8;"True";1;1;1;1;0;0;0;"M";0;0;0;0;0;1;0;0;0;0;0;0;"";1;1;1;0;0;0;0;0;0;0;30;0;NA;22;0;0;"";0;7;0;0;NA;"26.0";NA;"['2:tipo_de_distribuicao_redistribuicao:3:prevenção']";2,0150707e+13;2015;"";NA;NA;"196.0";NA;2,0180822e+13;2018;"196.0";NA;2,0180822e+13;2018;"246.0";NA;2,019073e+13;"";"2019.0";"246.0";NA;2,019073e+13;"";"2019.0";"";NA;NA;"";"";"";NA;NA;NA;NA;NA;NA;NA;NA;NA;NA;NA;NA;NA;NA;NA;NA;NA;NA;NA;NA;"246";NA;2,019073e+13;2019;6;2;4;0;0;0;"['20180822000000', '20180822000000', '20190325000000', '20190329000000', '20190329000000', '20190329000000']";0;0;0;0;0;0;6;2;4;0;0;0;"['20180822000000', '20180822000000', '20190325000000', '20190329000000', '20190329000000', '20190329000000']";0;0;0;0;0;0;0;0;0;0;0;0;0;0;"[]";"51.0";NA;2,0190605e+13;"196.0";NA;2,0190329e+13;NA;NA;NA;NA;"";NA;NA;"False";0;0;0;0;NA;NA;NA;NA;"";0;0;NA;0;0;NA;0;0;NA;"";NA;NA;"[241]"
"processos-tjmsp";"TJMSP_11041_G1_15662_00025560820179260030";"TJMSP90018202108041628090917960";"TJMSP";"G1";"True";11041;"True";25560820179260032;"True";1;"Justiça Militar Estadual";"11136";1;"True";NA;0;2,0180924e+13;2,0180924e+13;"True";1628090919887;20210804122839;15662;"True";3550308;"True";0;2;"True";8;"True";1;0;0;0;0;0;0;"";1;1;1;0;0;7;7;7;7;0;0;0;"M, M, M, M, M, F, M";0;0;0;0;0;0;0;0;0;0;73;0;NA;24;0;0;"";0;2;0;0;NA;"132";NA;"['Recebidos os autos']";2,0170904e+13;2017;"391.0";2,0180913e+13;2018;"";NA;NA;NA;"";NA;NA;NA;"";NA;NA;"";"";"";NA;NA;"";"";"";NA;NA;"";"";"";NA;NA;NA;NA;NA;NA;NA;NA;NA;NA;NA;NA;NA;NA;NA;NA;NA;NA;NA;NA;"60";NA;2,0210416e+13;2021;0;0;0;0;0;0;"[]";0;0;0;0;0;0;0;0;0;0;0;0;"[]";0;0;0;0;0;0;7;0;0;0;0;0;0;0;"[]";"51.0";NA;2,0201204e+13;"";NA;NA;NA;NA;NA;NA;"";NA;NA;"False";2;0;0;0;NA;NA;NA;NA;"";0;0;NA;0;0;NA;0;0;NA;"";NA;NA;"[11041]"
"processos-tjmsp";"TJMSP_11041_G1_15662_00034235920219260030";"TJMSP11085202110051633445146235";"TJMSP";"G1";"True";11041;"True";34235920219260032;"True";1;"Justiça Militar Estadual";"11317";1;"True";NA;0;2,0210915e+13;2,0210915e+13;"True";1634355905676;20211016004505;15662;"True";3550308;"True";0;2;"True";8;"True";1;0;0;0;0;0;0;"";1;1;1;0;0;1;1;1;1;0;0;0;"M";0;0;0;0;0;0;0;0;0;0;9;0;NA;2;0;0;"";0;1;0;0;NA;"391";NA;"['1:nome_da_parte:MINISTÉRIO PÚBLICO']";2,0210806e+13;2021;"391.0";2,0210806e+13;2021;"";NA;NA;NA;"";NA;NA;NA;"";NA;NA;"";"";"";NA;NA;"";"";"";NA;NA;"";"";"";NA;NA;NA;NA;NA;NA;NA;NA;NA;NA;NA;NA;NA;NA;NA;NA;NA;NA;NA;NA;"132";NA;2,0210915e+13;2021;0;0;0;0;0;0;"[]";0;0;0;0;0;0;0;0;0;0;0;0;"[]";0;0;0;0;0;0;0;0;0;0;0;0;0;0;"[]";"51.0";NA;2,0210908e+13;"";NA;NA;NA;NA;NA;NA;"";NA;NA;"False";0;0;0;0;NA;NA;NA;NA;"";0;0;NA;0;0;NA;0;0;NA;"";NA;NA;"[11041]"
"processos-tjmsp";"TJMSP_11041_G1_15663_00035579520179260040";"TJMSP73274202108041628090906214";"TJMSP";"G1";"True";11041;"True";35579520179260040;"True";1;"Justiça Militar Estadual";"11238";1;"True";NA;0;2,0180507e+13;2,0180507e+13;"True";1628090909723;20210804122829;15663;"True";3550308;"True";0;2;"True";8;"True";1;0;0;0;0;0;0;"";1;1;1;0;0;1;1;1;1;0;0;0;"M";0;0;0;0;0;0;0;0;0;0;34;0;NA;11;0;0;"";0;3;0;0;NA;"132";NA;"['Recebidos os autos']";2,0171204e+13;2017;"391.0";2,0180502e+13;2018;"";NA;NA;NA;"";NA;NA;NA;"";NA;NA;"";"";"";NA;NA;"";"";"";NA;NA;"";"";"";NA;NA;NA;NA;NA;NA;NA;NA;NA;NA;NA;NA;NA;NA;NA;NA;NA;NA;NA;NA;"123";NA;2,0190503e+13;2019;0;0;0;0;0;0;"[]";0;0;0;0;0;0;0;0;0;0;0;0;"[]";0;0;0;0;0;0;3;0;0;0;0;0;0;0;"[]";"51.0";NA;2,0180808e+13;"";NA;NA;NA;NA;NA;NA;"";NA;NA;"False";2;0;0;0;NA;NA;NA;NA;"";0;0;NA;0;0;NA;0;0;NA;"";NA;NA;"[11041]"
"processos-tjmsp";"TJMSP_11041_G1_15663_00036182420159260040";"TJMSP46665202108041628090850419";"TJMSP";"G1";"True";11041;"True";36182420159260040;"True";1;"Justiça Militar Estadual";"11243, 11069, 11238, 11069";4;"True";NA;0;2,0160314e+13;2,0160314e+13;"True";1628090852709;20210804122732;15663;"True";3550308;"True";0;2;"True";8;"True";1;0;0;0;0;0;0;"";1;1;1;0;0;1;1;1;1;0;0;0;"M";0;0;0;0;0;0;0;0;0;0;54;0;NA;22;0;0;"";0;4;0;0;NA;"132";NA;"['Recebidos os autos']";2,0151119e+13;2015;"391.0";2,0160304e+13;2016;"";NA;NA;NA;"";NA;NA;NA;"246.0";NA;2,0170426e+13;"";"2017.0";"246.0";NA;2,0170426e+13;"";"2017.0";"";NA;NA;"";"";"";NA;NA;NA;NA;NA;NA;NA;NA;NA;NA;NA;NA;NA;NA;NA;NA;NA;NA;NA;NA;"123";NA;2,0190502e+13;2019;0;0;0;0;0;0;"[]";0;0;0;0;0;0;0;0;0;0;0;0;"[]";0;0;0;0;0;0;7;0;0;0;0;0;0;0;"[]";"51.0";NA;2,0170426e+13;"";NA;NA;NA;NA;NA;NA;"";NA;NA;"False";4;0;0;0;NA;NA;NA;NA;"";0;0;NA;0;0;NA;0;0;NA;"";NA;NA;"[11041]"
"processos-tjmsp";"TJMSP_11041_G1_15662_00045390820189260030";"TJMSP90018202108041628090917960";"TJMSP";"G1";"True";11041;"True";45390820189260032;"True";1;"Justiça Militar Estadual";"11238";1;"True";NA;0;2,0180828e+13;2,0180828e+13;"True";1628090919617;20210804122839;15662;"True";3550308;"True";0;2;"True";8;"True";1;0;0;0;0;0;0;"";1;1;1;0;0;1;1;1;1;0;0;0;"M";0;0;0;0;0;0;0;0;0;0;31;0;NA;12;0;0;"";0;2;2;0;NA;"391.0";NA;"['1:nome_da_parte:D']";2,0180809e+13;2018;"391.0";2,0180809e+13;2018;"";NA;NA;NA;"";NA;NA;NA;"";NA;NA;"";"";"";NA;NA;"";"";"";NA;NA;"";"";"";NA;NA;NA;NA;NA;NA;NA;NA;NA;NA;NA;NA;NA;NA;NA;NA;NA;NA;NA;NA;"60";NA;2,019093e+13;2019;0;0;0;0;0;0;"[]";0;0;0;0;0;0;0;0;0;0;0;0;"[]";0;0;0;0;0;0;1;0;0;0;0;0;0;0;"[]";"51.0";NA;2,0190919e+13;"";NA;NA;NA;NA;NA;NA;"";NA;NA;"False";1;0;0;0;NA;NA;NA;NA;"";0;0;NA;0;0;NA;0;0;NA;"";NA;NA;"[11041]"
"processos-tjmsp";"TJMSP_11041_G1_15662_00073085220199260030";"TJMSP68025202110051633445153715";"TJMSP";"G1";"True";11041;"True";73085220199260032;"True";1;"Justiça Militar Estadual";"11238, 11069";2;"True";NA;0;2,0200715e+13;2,0200715e+13;"True";1634355941150;20211016004541;15662;"True";3550308;"True";0;2;"True";8;"True";1;0;0;0;0;0;0;"";1;1;1;0;0;1;1;1;1;0;0;0;"M";0;0;0;0;0;0;0;0;0;0;34;0;NA;12;0;0;"";0;3;0;0;NA;"132";NA;"['Recebidos os autos']";2,0191219e+13;2019;"391.0";2,0200523e+13;2020;"";NA;NA;NA;"";NA;NA;NA;"";NA;NA;"";"";"";NA;NA;"";"";"";NA;NA;"";"";"";NA;NA;NA;NA;NA;NA;NA;NA;NA;NA;NA;NA;NA;NA;NA;NA;NA;NA;NA;NA;"132";NA;2,021091e+13;2021;0;0;0;0;0;0;"[]";0;0;0;0;0;0;0;0;0;0;0;0;"[]";0;0;0;0;0;0;1;0;0;0;0;0;0;0;"[]";"51.0";NA;2,021091e+13;"";NA;NA;NA;NA;NA;NA;"";NA;NA;"False";1;0;0;0;NA;NA;NA;NA;"";0;0;NA;0;0;NA;0;0;NA;"";NA;NA;"[11041]"
"processos-tjmsp";"TJMSP_120_G1_29005_08000068220159260060";"TJMSP86982202108211629573348613";"TJMSP";"G1";"True";120;"True";8000068220159259648;"True";1;"Justiça Militar Estadual";"8843, 8961, 10364";3;"True";NA;0;20151215192857;20151215192857;"True";1629573349409;20210821161549;29005;"True";26;"False";0;1;"True";1;"True";1;1;1;1;0;0;0;"M";0;0;0;0;0;1;0;0;0;0;0;0;"";0;0;0;1;0;0;0;0;0;0;66;0;NA;51;0;1;"581";0;11;0;0;NA;"26";NA;"['2:tipo_de_distribuicao_redistribuicao:2:sorteio']";20151215192857;2015;"";NA;NA;"450.0";NA;20160603193003;2016;"450.0";NA;20160603193003;2016;"246.0";NA;20161126181517;"";"2016.0";"246.0";NA;20161126181517;"";"2016.0";"";NA;NA;"";"";"";NA;NA;NA;NA;NA;NA;NA;NA;NA;NA;NA;NA;NA;NA;NA;NA;NA;NA;NA;NA;"60";NA;20200813123927;2020;1;0;0;0;0;0;"['20160603193003']";0;0;0;0;0;0;1;0;0;0;0;0;"['20160603193003']";1;0;0;0;0;0;0;0;0;0;0;0;0;0;"[]";"51.0";NA;20161020200136;"450.0";NA;20160603193003;NA;NA;NA;NA;"";NA;NA;"False";0;0;0;0;NA;NA;NA;NA;"";0;0;NA;0;0;NA;0;0;NA;"849.0";NA;20161126181516;"[120]"
"processos-tjmsp";"TJMSP_120_G1_29005_08000086620199260010";"TJMSP83421202108211629573362489";"TJMSP";"G1";"True";120;"True";8000086620199260160;"True";1;"Justiça Militar Estadual";"8843, 8961, 9196, 10366";4;"True";NA;0;20191209190307;20191209190307;"True";1629573363069;20210821161603;29005;"True";26;"False";0;1;"True";1;"True";1;1;1;1;0;0;0;"M";0;0;0;0;0;1;0;0;0;0;0;0;"";0;0;0;1;0;0;0;0;0;0;61;0;NA;50;0;0;"";0;10;0;0;NA;"26.0";NA;"['2:tipo_de_distribuicao_redistribuicao:2:sorteio']";20191209190307;2019;"";NA;NA;"442.0";NA;20200422185306;2020;"442.0";NA;20200422185306;2020;"123.0";NA;20200724211725;"18:motivo_da_remessa:38";"2020.0";"123.0";NA;20200724211725;"18:motivo_da_remessa:38";"2020.0";"";NA;NA;"";"";"";NA;NA;NA;NA;NA;NA;NA;NA;NA;NA;NA;NA;NA;NA;NA;NA;NA;NA;NA;NA;"123";NA;20200724211725;2020;1;0;0;1;0;0;"['20200422185306']";0;0;0;0;0;0;1;0;0;1;0;0;"['20200422185306']";2;0;0;2;0;0;0;0;0;0;0;0;0;0;"[]";"51.0";NA;20200624150433;"442.0";NA;20200422185306;NA;NA;NA;NA;"";NA;NA;"False";1;0;1;0;10966;20191226094856;7;120;"26:classe_antiga:7 27:classe_nova:120";0;0;NA;0;0;NA;0;0;NA;"";NA;NA;"[120]"
"processos-tjmsp";"TJMSP_7_G1_17970_08000127920219260060";"TJMSP50062202109041630756803733";"TJMSP";"G1";"True";7;"True";8000127920219259904;"True";1;"Justiça Militar Estadual";"8843, 9196, 10366, 10938, 12416, 13537";6;"True";NA;0;20210121152412;20210121152412;"True";1630759141660;20210904093901;17970;"True";3550308;"True";0;1;"True";1;"True";1;1;1;1;0;0;0;"M";0;0;0;0;0;1;0;0;0;0;0;0;"";1;1;1;0;0;0;0;0;0;0;52;0;NA;38;0;0;"";0;8;0;0;NA;"26";NA;"['2:tipo_de_distribuicao_redistribuicao:2:sorteio']";20210121152412;2021;"";NA;NA;"220.0";NA;20210503114507;2021;"220.0";NA;20210503114507;2021;"123.0";NA;20210809124019;"18:motivo_da_remessa:38";"2021.0";"123.0";NA;20210809124019;"18:motivo_da_remessa:38";"2021.0";"";NA;NA;"";"";"";NA;NA;NA;NA;NA;NA;NA;NA;NA;NA;NA;NA;NA;NA;NA;NA;NA;NA;NA;NA;"123";NA;20210809124019;2021;1;0;0;0;1;0;"['20210503114507']";0;0;0;0;0;0;1;0;0;0;1;0;"['20210503114507']";2;0;0;0;2;0;0;0;0;0;0;0;0;0;"[]";"51.0";NA;20210629152249;"220.0";NA;20210503114507;NA;NA;NA;NA;"220.0";NA;20210503114507;"False";1;0;0;0;NA;NA;NA;NA;"";0;0;NA;0;0;NA;0;0;NA;"";NA;NA;"[7]"
"processos-tjmsp";"TJMSP_241_G1_29005_08000248720199260020";"TJMSP72431202108211629573213406";"TJMSP";"G1";"True";241;"True";8000248720199260160;"True";1;"Justiça Militar Estadual";"10328, 10366";2;"True";NA;0;20190314162058;20190314162058;"True";1629573214373;20210821161334;29005;"True";26;"False";0;1;"True";1;"True";1;1;1;1;0;0;0;"M";0;0;0;0;0;1;0;0;0;0;0;0;"";1;1;1;0;0;0;0;0;0;0;11;0;NA;9;0;0;"";0;1;0;0;NA;"26";NA;"['2:tipo_de_distribuicao_redistribuicao:2:sorteio']";20190314162059;2019;"";NA;NA;"";NA;NA;NA;"";NA;NA;NA;"123.0";NA;20190328203412;"18:motivo_da_remessa:38";"2019.0";"123.0";NA;20190328203412;"18:motivo_da_remessa:38";"2019.0";"";NA;NA;"";"";"";NA;NA;NA;NA;NA;NA;NA;NA;NA;NA;NA;NA;NA;NA;NA;NA;NA;NA;NA;NA;"123";NA;20190328203412;2019;0;0;0;0;0;0;"[]";0;0;0;0;0;0;0;0;0;0;0;0;"[]";0;0;0;0;0;0;0;0;0;0;0;0;0;0;"[]";"51.0";NA;20190315131136;"";NA;NA;NA;NA;NA;NA;"";NA;NA;"False";1;0;1;0;10966;20190328202255;7;241;"26:classe_antiga:7 27:classe_nova:241";0;0;NA;0;0;NA;0;0;NA;"";NA;NA;"[241]"
"processos-tjmsp";"TJMSP_7_G1_17970_08000278120159260020";"TJMSP79853202108211629573219188";"TJMSP";"G1";"True";7;"True";8000278120159259648;"True";1;"Justiça Militar Estadual";"8843, 10656, 10938, 10673, 9196, 10328, 10366";7;"True";NA;0;20150506185942;20150506185942;"True";1629573220056;20210821161340;17970;"True";26;"False";0;1;"True";1;"True";1;1;1;1;0;0;0;"M";0;0;0;0;0;1;0;0;0;0;0;0;"";1;1;1;0;0;0;0;0;0;0;181;0;NA;134;0;1;"581";0;43;0;0;NA;"26";NA;"['2:tipo_de_distribuicao_redistribuicao:2:sorteio']";20150506185942;2015;"";NA;NA;"219.0";NA;20160404142757;2016;"219.0";NA;20160404142757;2016;"123.0";NA;20161020164957;"18:motivo_da_remessa:38";"2016.0";"246.0";NA;20190731191937;"";"2019.0";"";NA;NA;"";"";"";NA;NA;NA;NA;NA;NA;NA;NA;NA;NA;NA;NA;NA;NA;NA;NA;NA;NA;NA;NA;"60";NA;20200513160923;2020;2;0;1;0;0;0;"['20160404142757', '20190411124711']";0;0;0;0;0;0;2;0;1;0;0;0;"['20160404142757', '20190411124711']";1;0;0;0;0;0;0;0;0;0;0;0;0;0;"[]";"51.0";NA;20190627140359;"196.0";NA;20190411124711;NA;NA;NA;NA;"219.0";NA;20160404142757;"False";1;0;0;0;NA;NA;NA;NA;"";0;0;NA;0;0;NA;0;0;NA;"849.0";NA;20190731191937;"[7]"
"processos-tjmsp";"TJMSP_11041_G1_15662_08000655320219260030";"TJMSP59153202109041630756818685";"TJMSP";"G1";"True";11041;"True";8000655320219259904;"True";1;"Justiça Militar Estadual";"11227";1;"True";NA;0;20210821153756;20210821153756;"True";1630756820301;20210904090020;15662;"True";3550308;"True";0;1;"True";1;"True";1;0;0;0;0;0;0;"";1;1;1;0;0;1;1;1;1;0;0;0;"M";0;0;0;0;0;0;0;0;0;0;1;0;NA;1;0;0;"";0;0;0;0;NA;"26";NA;"['2:tipo_de_distribuicao_redistribuicao:2:sorteio']";20210821153756;2021;"";NA;NA;"";NA;NA;NA;"";NA;NA;NA;"";NA;NA;"";"";"";NA;NA;"";"";"";NA;NA;"";"";"";NA;NA;NA;NA;NA;NA;NA;NA;NA;NA;NA;NA;NA;NA;NA;NA;NA;NA;NA;NA;"26";NA;20210821153756;2021;0;0;0;0;0;0;"[]";0;0;0;0;0;0;0;0;0;0;0;0;"[]";0;0;0;0;0;0;0;0;0;0;0;0;0;0;"[]";"";NA;NA;"";NA;NA;NA;NA;NA;NA;"";NA;NA;"False";0;0;0;0;NA;NA;NA;NA;"";0;0;NA;0;0;NA;0;0;NA;"";NA;NA;"[11041]"
"processos-tjmsp";"TJMSP_7_G1_29005_08000754020159260020";"TJMSP62512202108211629573340951";"TJMSP";"G1";"True";7;"True";8000754020159259648;"True";1;"Justiça Militar Estadual";"8843, 9196, 10366";3;"True";NA;0;20150807163230;20150807163230;"True";1629573342175;20210821161542;29005;"True";26;"False";0;1;"True";1;"True";2;2;2;2;0;0;0;"M, M";0;0;0;0;0;1;0;0;0;0;0;0;"";1;1;1;0;0;0;0;0;0;0;36;0;NA;25;0;0;"";0;5;0;0;NA;"26";NA;"['2:tipo_de_distribuicao_redistribuicao:2:sorteio']";20150807163231;2015;"";NA;NA;"463.0";NA;20150901165702;2015;"";NA;NA;NA;"246.0";NA;20161126130030;"";"2016.0";"246.0";NA;20161126130030;"";"2016.0";"";NA;NA;"";"";"";NA;NA;NA;NA;NA;NA;NA;NA;NA;NA;NA;NA;NA;NA;NA;NA;NA;NA;NA;NA;"246";NA;20161126130030;2016;1;0;0;0;0;0;"['20150901165702']";0;0;0;0;0;0;1;0;0;0;0;0;"['20150901165702']";1;0;0;0;0;0;0;0;0;0;0;0;0;0;"[]";"51.0";NA;20160331151620;"463.0";NA;20150901165702;NA;NA;NA;NA;"";NA;NA;"False";0;0;0;0;NA;NA;NA;NA;"";0;0;NA;0;0;NA;0;0;NA;"849.0";NA;20161126130030;"[7]"
"processos-tjmsp";"TJMSP_120_G1_17970_08001049020159260020";"TJMSP31940202108211629573253391";"TJMSP";"G1";"True";120;"True";8001049020159259648;"True";1;"Justiça Militar Estadual";"8843, 9196, 10366";3;"True";NA;0;20151015204906;20151015204906;"True";1629573254371;20210821161414;17970;"True";26;"False";0;1;"True";1;"True";1;1;1;1;0;0;0;"M";0;0;0;0;0;1;0;0;0;0;0;0;"";0;0;0;1;0;0;0;0;0;0;66;0;NA;54;0;0;"";0;9;0;0;NA;"26.0";NA;"['2:tipo_de_distribuicao_redistribuicao:2:sorteio']";20151015204906;2015;"";NA;NA;"446.0";NA;20160419123803;2016;"446.0";NA;20160419123803;2016;"246.0";NA;20170623174102;"";"2017.0";"246.0";NA;20170623174102;"";"2017.0";"";NA;NA;"";"";"";NA;NA;NA;NA;NA;NA;NA;NA;NA;NA;NA;NA;NA;NA;NA;NA;NA;NA;NA;NA;"246";NA;20170623174102;2017;1;0;0;0;0;0;"['20160419123803']";0;0;0;0;0;0;1;0;0;0;0;0;"['20160419123803']";1;0;0;0;0;0;0;0;0;0;0;0;0;0;"[]";"51.0";NA;20160829131333;"446.0";NA;20160419123803;NA;NA;NA;NA;"";NA;NA;"False";0;0;0;0;NA;NA;NA;NA;"";0;0;NA;0;0;NA;0;0;NA;"849.0";NA;20170623174102;"[120]"
"processos-tjmsp";"TJMSP_7_G1_17970_08001227720169260020";"TJMSP85033202108211629573374583";"TJMSP";"G1";"True";7;"True";8001227720169260032;"True";1;"Justiça Militar Estadual";"8843, 10655, 10938, 10366";4;"True";NA;0;20161003174241;20161003174241;"True";1629573375351;20210821161615;17970;"True";26;"False";0;1;"True";1;"True";1;1;1;1;0;0;0;"M";0;0;0;0;0;1;0;0;0;0;0;0;"";1;1;1;0;0;0;0;0;0;0;49;0;NA;35;0;0;"";0;13;0;0;NA;"26";NA;"['2:tipo_de_distribuicao_redistribuicao:2:sorteio']";20161003174241;2016;"";NA;NA;"459.0";NA;20161123164257;2016;"";NA;NA;NA;"246.0";NA;20170629130645;"";"2017.0";"246.0";NA;20170629130645;"";"2017.0";"";NA;NA;"";"";"";NA;NA;NA;NA;NA;NA;NA;NA;NA;NA;NA;NA;NA;NA;NA;NA;NA;NA;NA;NA;"246";NA;20170629130645;2017;2;0;0;0;0;0;"['20161123164257', '20161123164304']";0;0;0;0;0;0;2;0;0;0;0;0;"['20161123164257', '20161123164304']";0;0;0;0;0;0;0;0;0;0;0;0;0;0;"[]";"51.0";NA;20170427193733;"459.0";NA;20161123164304;NA;NA;NA;NA;"";NA;NA;"False";0;0;0;0;NA;NA;NA;NA;"";0;0;NA;0;0;NA;0;0;NA;"";NA;NA;"[7]"
"processos-tjmsp";"TJMSP_11041_G1_15661_08001275620219260010";"TJMSP85823202110051633445183642";"TJMSP";"G1";"True";11041;"True";8001275620219259904;"True";1;"Justiça Militar Estadual";"11238";1;"True";NA;0;20210911105437;20210911105437;"True";1634355700459;20211016004140;15661;"True";3550308;"True";0;1;"True";1;"True";1;0;0;0;0;0;0;"";1;1;1;0;0;2;2;2;2;0;0;0;"M, M";0;0;0;0;0;0;0;0;0;0;1;0;NA;1;0;0;"";0;0;0;0;NA;"26";NA;"['2:tipo_de_distribuicao_redistribuicao:2:sorteio']";20210911105437;2021;"";NA;NA;"";NA;NA;NA;"";NA;NA;NA;"";NA;NA;"";"";"";NA;NA;"";"";"";NA;NA;"";"";"";NA;NA;NA;NA;NA;NA;NA;NA;NA;NA;NA;NA;NA;NA;NA;NA;NA;NA;NA;NA;"26";NA;20210911105437;2021;0;0;0;0;0;0;"[]";0;0;0;0;0;0;0;0;0;0;0;0;"[]";0;0;0;0;0;0;0;0;0;0;0;0;0;0;"[]";"";NA;NA;"";NA;NA;NA;NA;NA;NA;"";NA;NA;"False";0;0;0;0;NA;NA;NA;NA;"";0;0;NA;0;0;NA;0;0;NA;"";NA;NA;"[11041]"
"processos-tjmsp";"TJMSP_120_G1_29005_08001289020189260060";"TJMSP65667202108211629573228807";"TJMSP";"G1";"True";120;"True";8001289020189259776;"True";1;"Justiça Militar Estadual";"8843, 9196, 10328, 10366";4;"True";NA;0;20180809173520;20180809173520;"True";1629573229660;20210821161349;29005;"True";26;"False";0;1;"True";1;"True";1;1;1;1;0;0;0;"M";0;0;0;0;0;1;0;0;0;0;0;0;"";0;0;0;1;0;0;0;0;0;0;73;0;NA;45;0;0;"";0;25;0;0;NA;"26";NA;"['2:tipo_de_distribuicao_redistribuicao:2:sorteio']";20180809173520;2018;"";NA;NA;"463.0";NA;20180831112413;2018;"";NA;NA;NA;"246.0";NA;20190329200320;"";"2019.0";"246.0";NA;20190329200320;"";"2019.0";"";NA;NA;"";"";"";NA;NA;NA;NA;NA;NA;NA;NA;NA;NA;NA;NA;NA;NA;NA;NA;NA;NA;NA;NA;"246";NA;20190329200320;2019;4;4;0;0;0;0;"['20180831112413', '20181210170528', '20181212174230', '20181212174638']";0;0;0;0;0;0;4;4;0;0;0;0;"['20180831112413', '20181210170528', '20181212174230', '20181212174638']";0;0;0;0;0;0;0;0;0;0;0;0;0;0;"[]";"51.0";NA;20190226101452;"463.0";NA;20181212174638;NA;NA;NA;NA;"";NA;NA;"False";0;0;0;0;NA;NA;NA;NA;"";0;0;NA;0;0;NA;0;0;NA;"849.0";NA;20190329200319;"[120]"
"processos-tjmsp";"TJMSP_11041_G1_15661_08001397020219260010";"TJMSP85823202110051633445183642";"TJMSP";"G1";"True";11041;"True";8001397020219259904;"True";1;"Justiça Militar Estadual";"11321";1;"True";NA;0;20210914150833;20210914150833;"True";1634355711589;20211016004151;15661;"True";3550308;"True";0;1;"True";1;"True";1;0;0;0;0;0;0;"";1;1;1;0;0;1;1;1;1;0;0;0;"M";0;0;0;0;0;0;0;0;0;0;1;0;NA;1;0;0;"";0;0;0;0;NA;"26";NA;"['2:tipo_de_distribuicao_redistribuicao:2:sorteio']";20210914150833;2021;"";NA;NA;"";NA;NA;NA;"";NA;NA;NA;"";NA;NA;"";"";"";NA;NA;"";"";"";NA;NA;"";"";"";NA;NA;NA;NA;NA;NA;NA;NA;NA;NA;NA;NA;NA;NA;NA;NA;NA;NA;NA;NA;"26";NA;20210914150833;2021;0;0;0;0;0;0;"[]";0;0;0;0;0;0;0;0;0;0;0;0;"[]";0;0;0;0;0;0;0;0;0;0;0;0;0;0;"[]";"";NA;NA;"";NA;NA;NA;NA;NA;NA;"";NA;NA;"False";0;0;0;0;NA;NA;NA;NA;"";0;0;NA;0;0;NA;0;0;NA;"";NA;NA;"[11041]"
"processos-tjmsp";"TJMSP_120_G1_17970_08001458620179260020";"TJMSP33953202108211629573173873";"TJMSP";"G1";"True";120;"True";8001458620179260416;"True";1;"Justiça Militar Estadual";"8843, 9196, 10365";3;"True";NA;0;20170801195106;20170801195106;"True";1629573174820;20210821161254;17970;"True";26;"False";0;1;"True";1;"True";1;1;1;1;0;0;0;"M";0;0;0;0;0;1;0;0;0;0;0;0;"";0;0;0;1;0;0;0;0;0;0;61;0;NA;38;0;0;"";0;20;0;0;NA;"26";NA;"['2:tipo_de_distribuicao_redistribuicao:2:sorteio']";20170801195106;2017;"";NA;NA;"446.0";NA;20170803103520;2017;"446.0";NA;20170803103520;2017;"123.0";NA;20171130210015;"18:motivo_da_remessa:38";"2017.0";"246.0";NA;20181029201204;"";"2018.0";"";NA;NA;"";"";"";NA;NA;NA;NA;NA;NA;NA;NA;NA;NA;NA;NA;NA;NA;NA;NA;NA;NA;NA;NA;"246";NA;20181029201204;2018;7;0;0;0;0;0;"['20170803103520', '20170821102036', '20170821182216', '20170821182241', '20171018102445', '20171018150721', '20171018150834']";0;0;0;0;0;0;7;0;0;0;0;0;"['20170803103520', '20170821102036', '20170821182216', '20170821182241', '20171018102445', '20171018150721', '20171018150834']";0;0;0;0;0;0;0;0;0;0;0;0;0;0;"[]";"51.0";NA;20180906181639;"446.0";NA;20171018150834;NA;NA;NA;NA;"";NA;NA;"False";1;0;0;0;NA;NA;NA;NA;"";0;0;NA;0;0;NA;0;0;NA;"849.0";NA;20181029201203;"[120]"
"processos-tjmsp";"TJMSP_7_G1_17970_08001618020189260060";"TJMSP62512202108211629573340951";"TJMSP";"G1";"True";7;"True";8001618020189259776;"True";1;"Justiça Militar Estadual";"8843, 10938, 10328, 10334, 10366";5;"True";NA;0;20181015231056;20181015231056;"True";1629573341910;20210821161541;17970;"True";26;"False";0;1;"True";1;"True";1;1;1;1;0;0;0;"M";0;0;0;0;0;1;0;0;0;0;0;0;"";1;1;1;0;0;0;0;0;0;0;78;0;NA;53;0;0;"";0;25;0;0;NA;"26";NA;"['2:tipo_de_distribuicao_redistribuicao:2:sorteio']";20181015231057;2018;"";NA;NA;"220.0";NA;20190124150019;2019;"220.0";NA;20190124150019;2019;"123.0";NA;20190401162838;"18:motivo_da_remessa:38";"2019.0";"123.0";NA;20190401162838;"18:motivo_da_remessa:38";"2019.0";"";NA;NA;"";"";"";NA;NA;NA;NA;NA;NA;NA;NA;NA;NA;NA;NA;NA;NA;NA;NA;NA;NA;NA;NA;"123";NA;20190401162838;2019;2;0;2;0;0;0;"['20190124150019', '20190204113210']";0;0;0;0;0;0;2;0;2;0;0;0;"['20190124150019', '20190204113210']";0;0;0;0;0;0;0;0;0;0;0;0;0;0;"[]";"51.0";NA;20190313153158;"220.0";NA;20190204113210;NA;NA;NA;NA;"220.0";NA;20190124150019;"False";1;0;0;0;NA;NA;NA;NA;"";0;0;NA;0;0;NA;0;0;NA;"";NA;NA;"[7]"
"processos-tjmsp";"TJMSP_120_G1_29005_08001857420199260060";"TJMSP36376202108211629573844904";"TJMSP";"G1";"True";120;"True";8001857420199260160;"True";1;"Justiça Militar Estadual";"8843, 9196, 10366, 12416";4;"True";NA;0;20191128220922;20191128220922;"True";1629573845764;20210821162405;29005;"True";3550308;"True";0;1;"True";1;"True";3;3;3;3;0;0;0;"M, M, M";0;0;0;0;0;2;0;0;0;0;0;0;"";1;1;1;1;0;0;0;0;0;0;70;0;NA;57;0;3;"581, 581, 581";0;12;0;0;NA;"26";NA;"['2:tipo_de_distribuicao_redistribuicao:2:sorteio']";20191128220922;2019;"";NA;NA;"446.0";NA;20200303155922;2020;"446.0";NA;20200303155922;2020;"123.0";NA;20200713202119;"18:motivo_da_remessa:38";"2020.0";"246.0";NA;20210610185304;"";"2021.0";"";NA;NA;"";"";"";NA;NA;NA;NA;NA;NA;NA;NA;NA;NA;NA;NA;NA;NA;NA;NA;NA;NA;NA;NA;"246";NA;20210610185304;2021;1;0;0;1;0;0;"['20200303155922']";0;0;0;0;0;0;1;0;0;1;0;0;"['20200303155922']";2;0;2;0;0;0;0;0;0;0;0;0;0;0;"[]";"51.0";NA;20210302181606;"446.0";NA;20200303155922;NA;NA;NA;NA;"";NA;NA;"False";1;0;0;0;NA;NA;NA;NA;"";0;0;NA;0;0;NA;0;0;NA;"";NA;NA;"[120]"
"processos-tjmsp";"TJMSP_11041_G1_15663_08001986520219260040";"TJMSP27509202111051636134158361";"TJMSP";"G1";"True";11041;"True";8001986520219259904;"True";1;"Justiça Militar Estadual";"11238";1;"True";NA;0;20211004155515;20211004155515;"True";1636134279314;20211105144439;15663;"True";3550308;"True";0;1;"True";1;"True";1;0;0;0;0;0;0;"";1;1;1;0;0;3;3;3;3;0;0;0;"M, M, M";0;0;0;0;0;0;0;0;0;0;1;0;NA;1;0;0;"";0;0;0;0;NA;"26";NA;"['2:tipo_de_distribuicao_redistribuicao:2:sorteio']";20211004155515;2021;"";NA;NA;"";NA;NA;NA;"";NA;NA;NA;"";NA;NA;"";"";"";NA;NA;"";"";"";NA;NA;"";"";"";NA;NA;NA;NA;NA;NA;NA;NA;NA;NA;NA;NA;NA;NA;NA;NA;NA;NA;NA;NA;"26";NA;20211004155515;2021;0;0;0;0;0;0;"[]";0;0;0;0;0;0;0;0;0;0;0;0;"[]";0;0;0;0;0;0;0;0;0;0;0;0;0;0;"[]";"";NA;NA;"";NA;NA;NA;NA;NA;NA;"";NA;NA;"False";0;0;0;0;NA;NA;NA;NA;"";0;0;NA;0;0;NA;0;0;NA;"";NA;NA;"[11041]"
"processos-tjmsp";"TJMSP_11041_G1_15663_08002141920219260040";"TJMSP27509202111051636134158361";"TJMSP";"G1";"True";11041;"True";8002141920219259904;"True";1;"Justiça Militar Estadual";"11253";1;"True";NA;0;20211009123940;20211009123940;"True";1636134286521;20211105144446;15663;"True";3550308;"True";0;1;"True";1;"True";1;0;0;0;0;0;0;"";1;1;1;0;0;1;1;1;1;0;0;0;"M";0;0;0;0;0;0;0;0;0;0;1;0;NA;1;0;0;"";0;0;0;0;NA;"26";NA;"['2:tipo_de_distribuicao_redistribuicao:2:sorteio']";20211009123940;2021;"";NA;NA;"";NA;NA;NA;"";NA;NA;NA;"";NA;NA;"";"";"";NA;NA;"";"";"";NA;NA;"";"";"";NA;NA;NA;NA;NA;NA;NA;NA;NA;NA;NA;NA;NA;NA;NA;NA;NA;NA;NA;NA;"26";NA;20211009123940;2021;0;0;0;0;0;0;"[]";0;0;0;0;0;0;0;0;0;0;0;0;"[]";0;0;0;0;0;0;0;0;0;0;0;0;0;0;"[]";"";NA;NA;"";NA;NA;NA;NA;NA;NA;"";NA;NA;"False";0;0;0;0;NA;NA;NA;NA;"";0;0;NA;0;0;NA;0;0;NA;"";NA;NA;"[11041]"
"processos-tjmsp";"TJMSP_156_G1_17970_08002185820179260020";"TJMSP82087202108211629573865057";"TJMSP";"G1";"True";156;"True";8002185820179260416;"True";2;"Justiça Militar Estadual";"8843, 10328, 10366, 10656, 10671, 10938, 13537";7;"True";NA;0;20171109123234;20171109123234;"True";1629573866149;20210821162426;17970;"True";3550308;"True";0;1;"True";1;"True";1;1;1;1;0;0;0;"M";0;0;0;0;0;1;0;0;0;0;0;0;"";1;1;1;0;0;0;0;0;0;0;245;0;NA;175;0;0;"";0;63;0;0;NA;"26";NA;"['2:tipo_de_distribuicao_redistribuicao:2:sorteio']";20171109123234;2017;"";NA;NA;"220.0";NA;20180410182810;2018;"220.0";NA;20180410182810;2018;"123.0";NA;20180823195303;"18:motivo_da_remessa:38";"2018.0";"123.0";NA;20180823195303;"18:motivo_da_remessa:38";"2018.0";"10966.0";NA;20191001142625;"26:classe_antiga:7 27:classe_nova:156";"7.0";"156.0";NA;NA;NA;NA;NA;NA;NA;NA;NA;NA;NA;NA;NA;NA;NA;NA;NA;NA;NA;NA;"60";NA;20210720155935;2021;5;4;1;0;0;0;"['20180410182810', '20180504131539', '20180504161016', '20180504161045', '20190904141652']";0;0;0;0;0;0;5;4;1;0;0;0;"['20180410182810', '20180504131539', '20180504161016', '20180504161045', '20190904141652']";4;3;0;0;0;0;0;0;0;0;0;0;0;0;"[]";"51.0";NA;20210719105246;"196.0";NA;20190904141652;NA;NA;NA;NA;"220.0";NA;20180410182810;"False";1;0;1;0;10966;20191001142625;7;156;"26:classe_antiga:7 27:classe_nova:156";0;0;NA;0;0;NA;0;0;NA;"";NA;NA;"[156]"
"processos-tjmsp";"TJMSP_426_G2_32091_00002032120189260010";"TJMSP54461202108211629573697747";"TJMSP";"G2";"True";426;"True";2032120189260010;"True";1;"Justiça Militar Estadual";"11238";1;"True";NA;0;2,0200128e+13;2,0200128e+13;"True";1629573699703;20210821162139;32091;"True";3550308;"True";0;2;"True";8;"True";1;0;0;0;0;0;0;"";1;1;1;0;0;1;0;0;0;0;0;0;"";1;1;1;0;0;0;0;0;0;0;27;0;NA;6;0;0;"";0;1;0;0;NA;"26";NA;"['2:tipo_de_distribuicao_redistribuicao:2:sorteio']";2,0200128e+13;2020;"";NA;NA;"237.0";NA;2,0200709e+13;2020;"237.0";NA;2,0200709e+13;2020;"22.0";NA;2,0201015e+13;"";"2020.0";"22.0";NA;2,0201015e+13;"";"2020.0";"";NA;NA;"";"";"";NA;NA;NA;NA;NA;NA;NA;NA;NA;NA;NA;NA;NA;NA;NA;NA;NA;NA;NA;NA;"123";NA;2,0201015e+13;2020;1;0;0;1;0;0;"['20200709000000']";0;0;0;0;0;0;1;0;0;1;0;0;"['20200709000000']";0;0;0;0;0;0;0;0;0;0;0;0;0;0;"[]";"51.0";NA;2,0200714e+13;"237.0";NA;2,0200709e+13;NA;NA;NA;NA;"";NA;NA;"False";1;0;0;0;NA;NA;NA;NA;"";0;0;NA;0;0;NA;0;0;NA;"";NA;NA;"[426]"
"processos-tjmsp";"TJMSP_1689_G2_32091_00003696220149260020";"TJMSP60703202108211629573471451";"TJMSP";"G2";"True";1689;"True";3696220149260020;"True";1;"Justiça Militar Estadual";"10328";1;"True";NA;0;2,0150326e+13;2,0150326e+13;"True";1629573473103;20210821161753;32091;"True";3550308;"True";0;2;"True";8;"True";1;1;1;1;0;0;0;"M";0;0;0;0;0;1;0;0;0;0;0;0;"";1;1;1;0;0;0;0;0;0;0;33;0;NA;13;0;0;"";0;2;0;0;NA;"132";NA;"['Recebidos os autos']";2,0150312e+13;2015;"";NA;NA;"219.0";NA;2,0150526e+13;2015;"219.0";NA;2,0150526e+13;2015;"";NA;NA;"";"";"";NA;NA;"";"";"";NA;NA;"";"";"";NA;NA;NA;NA;NA;NA;NA;NA;NA;NA;NA;NA;NA;NA;NA;NA;NA;NA;NA;NA;"123";NA;2,0160428e+13;2016;1;0;0;0;0;0;"['20150526000000']";0;0;0;0;0;0;1;0;0;0;0;0;"['20150526000000']";0;0;0;0;0;0;0;0;0;0;0;0;0;0;"[]";"51.0";NA;2,0160418e+13;"219.0";NA;2,0150526e+13;NA;NA;NA;NA;"219.0";NA;2,0150526e+13;"False";2;0;0;0;NA;NA;NA;NA;"";0;0;NA;0;0;NA;0;0;NA;"";NA;NA;"[1689]"
"processos-tjmsp";"TJMSP_421_G2_32091_00004951320189260040";"TJMSP67682202108211629573683586";"TJMSP";"G2";"True";421;"True";4951320189260040;"True";1;"Justiça Militar Estadual";"11346";1;"True";NA;0;2,0190725e+13;2,0190725e+13;"True";1629573684631;20210821162124;32091;"True";3550308;"True";0;2;"True";8;"True";1;1;1;1;0;0;0;"M";0;0;0;0;0;1;0;0;0;0;0;0;"";1;1;1;0;0;0;0;0;0;0;57;0;NA;14;0;0;"";0;3;3;0;NA;"132";NA;"['Recebidos os autos']";2,0190618e+13;2019;"";NA;NA;"239.0";NA;2,0191016e+13;2019;"239.0";NA;2,0191016e+13;2019;"22.0";NA;2,0200124e+13;"";"2020.0";"22.0";NA;2,0200124e+13;"";"2020.0";"";NA;NA;"";"";"";NA;NA;NA;NA;NA;NA;NA;NA;NA;NA;NA;NA;NA;NA;NA;NA;NA;NA;NA;NA;"123";NA;2,0201215e+13;2020;1;0;1;0;0;0;"['20191016000000']";0;0;0;0;0;0;1;0;1;0;0;0;"['20191016000000']";0;0;0;0;0;0;0;0;0;0;0;0;0;0;"[]";"51.0";NA;2,0200929e+13;"239.0";NA;2,0191016e+13;NA;NA;NA;NA;"";NA;NA;"False";2;0;0;0;NA;NA;NA;NA;"";0;0;NA;0;0;NA;0;0;NA;"";NA;NA;"[1727, 421, 417]"
"processos-tjmsp";"TJMSP_11040_G2_29010_00005618820159260010";"TJMSP95659202108211629573477188";"TJMSP";"G2";"True";11040;"True";5618820159260010;"True";1;"Justiça Militar Estadual";"11243";1;"True";NA;0;2,0150504e+13;2,0150504e+13;"True";1629573477949;20210821161757;29010;"True";3550308;"True";0;2;"True";8;"True";1;0;0;0;0;0;0;"";1;1;1;0;0;1;0;0;0;0;0;0;"";1;1;1;0;0;0;0;0;0;0;18;0;NA;7;0;0;"";0;1;0;0;NA;"132";NA;"['Recebidos os autos']";2,0150424e+13;2015;"";NA;NA;"219.0";NA;2,0150909e+13;2015;"219.0";NA;2,0150909e+13;2015;"";NA;NA;"";"";"";NA;NA;"";"";"";NA;NA;"";"";"";NA;NA;NA;NA;NA;NA;NA;NA;NA;NA;NA;NA;NA;NA;NA;NA;NA;NA;NA;NA;"123";NA;2,0151006e+13;2015;1;0;0;0;0;0;"['20150909000000']";0;0;0;0;0;0;1;0;0;0;0;0;"['20150909000000']";0;0;0;0;0;0;0;0;0;0;0;0;0;0;"[]";"51.0";NA;2,0150902e+13;"219.0";NA;2,0150909e+13;NA;NA;NA;NA;"219.0";NA;2,0150909e+13;"False";1;0;0;0;NA;NA;NA;NA;"";0;0;NA;0;0;NA;0;0;NA;"";NA;NA;"[11040]"
"processos-tjmsp";"TJMSP_1729_G2_32091_00008363220189260010";"TJMSP34924202109041630756839826";"TJMSP";"G2";"True";1729;"True";8363220189260010;"True";1;"Justiça Militar Estadual";"11243";1;"True";NA;0;2,0190905e+13;2,0190905e+13;"True";1630756841298;20210904090041;32091;"True";3550308;"True";0;2;"True";8;"True";1;0;0;0;0;0;0;"";1;1;1;0;0;2;2;2;2;0;0;0;"M, M";0;0;0;0;0;0;0;0;0;0;63;0;NA;15;0;0;"";0;3;0;0;NA;"132";NA;"['Recebidos os autos']";2,019041e+13;2019;"";NA;NA;"239.0";NA;2,0190821e+13;2019;"239.0";NA;2,0190821e+13;2019;"22.0";NA;2,0191031e+13;"";"2019.0";"22.0";NA;2,020112e+13;"";"2020.0";"";NA;NA;"";"";"";NA;NA;NA;NA;NA;NA;NA;NA;NA;NA;NA;NA;NA;NA;NA;NA;NA;NA;NA;NA;"123";NA;2,0210806e+13;2021;2;0;2;0;0;0;"['20190821000000', '20191002000000']";0;0;0;0;0;0;2;0;2;0;0;0;"['20190821000000', '20191002000000']";0;0;0;0;0;0;0;0;0;0;0;0;0;0;"[]";"51.0";NA;2,0191002e+13;"237.0";NA;2,0191002e+13;NA;NA;NA;NA;"";NA;NA;"False";2;0;0;0;NA;NA;NA;NA;"";0;0;NA;0;0;NA;0;0;NA;"";NA;NA;"[426, 421, 1729]"
"processos-tjmsp";"TJMSP_307_G2_29011_00008611220179260000";"TJMSP95085202108211629573539592";"TJMSP";"G2";"True";307;"True";8611220179260000;"True";1;"Justiça Militar Estadual";"11158";1;"True";NA;0;2,0170323e+13;2,0170323e+13;"True";1629573541146;20210821161901;29011;"True";3550308;"True";0;2;"True";8;"True";1;1;1;1;0;0;0;"M";0;0;0;0;0;1;0;0;0;0;0;0;"";1;1;1;0;0;0;0;0;0;0;23;0;NA;9;0;0;"";0;1;0;0;NA;"26";NA;"['2:tipo_de_distribuicao_redistribuicao:85:sorteio manual']";2,0170323e+13;2017;"";NA;NA;"239.0";NA;2,0170425e+13;2017;"239.0";NA;2,0170425e+13;2017;"22.0";NA;2,0170525e+13;"";"2017.0";"22.0";NA;2,0170525e+13;"";"2017.0";"";NA;NA;"";"";"";NA;NA;NA;NA;NA;NA;NA;NA;NA;NA;NA;NA;NA;NA;NA;NA;NA;NA;NA;NA;"135";NA;2,0170602e+13;2017;1;0;0;0;0;0;"['20170425000000']";0;0;0;0;0;0;1;0;0;0;0;0;"['20170425000000']";0;0;0;0;0;0;0;0;0;0;0;0;0;0;"[]";"51.0";NA;2,0170419e+13;"239.0";NA;2,0170425e+13;NA;NA;NA;NA;"";NA;NA;"False";1;0;0;0;NA;NA;NA;NA;"";0;0;NA;0;0;NA;0;0;NA;"";NA;NA;"[307]"
"processos-tjmsp";"TJMSP_11040_G2_29010_00010927220189260010";"TJMSP38104202108211629573658006";"TJMSP";"G2";"True";11040;"True";10927220189260010;"True";1;"Justiça Militar Estadual";"3370";1;"True";NA;0;2,0181002e+13;2,0181002e+13;"True";1629573659666;20210821162059;29010;"True";3550308;"True";0;2;"True";8;"True";1;0;0;0;0;0;0;"";1;1;1;0;0;1;0;0;0;0;0;0;"";1;1;1;0;0;0;0;0;0;0;55;0;NA;16;0;0;"";0;2;0;0;NA;"132";NA;"['Recebidos os autos']";2,0180223e+13;2018;"";NA;NA;"900.0";NA;2,0180725e+13;2018;"900.0";NA;2,0180725e+13;2018;"22.0";NA;2,0180417e+13;"";"2018.0";"22.0";NA;2,0190411e+13;"";"2019.0";"";NA;NA;"";"";"";NA;NA;NA;NA;NA;NA;NA;NA;NA;NA;NA;NA;NA;NA;NA;NA;NA;NA;NA;NA;"123";NA;2,0190411e+13;2019;2;1;1;0;0;0;"['20180725000000', '20190314000000']";0;0;0;0;0;0;2;1;1;0;0;0;"['20180725000000', '20190314000000']";0;0;0;0;0;0;0;0;0;0;0;0;0;0;"[]";"51.0";NA;2,0190318e+13;"237.0";NA;2,0190314e+13;NA;NA;NA;NA;"";NA;NA;"False";2;0;1;0;10966;2,018101e+13;426;11040;"26:classe_antiga:426 27:classe_nova:11040";0;0;NA;0;0;NA;0;0;NA;"";NA;NA;"[426, 11040]"
"processos-tjmsp";"TJMSP_307_G2_32091_00012108320159260000";"TJMSP60703202108211629573471451";"TJMSP";"G2";"True";307;"True";12108320159260000;"True";1;"Justiça Militar Estadual";"11355";1;"True";NA;0;2,0150327e+13;2,0150327e+13;"True";1629573473239;20210821161753;32091;"True";3550308;"True";0;2;"True";8;"True";1;1;1;1;0;0;0;"M";0;0;0;0;0;1;0;0;0;0;0;0;"";1;1;1;0;0;0;0;0;0;0;29;0;NA;11;0;0;"";0;2;0;0;NA;"132";NA;"['Recebidos os autos']";2,0150327e+13;2015;"";NA;NA;"447.0";NA;2,0150428e+13;2015;"447.0";NA;2,0150428e+13;2015;"";NA;NA;"";"";"";NA;NA;"";"";"";NA;NA;"";"";"";NA;NA;NA;NA;NA;NA;NA;NA;NA;NA;NA;NA;NA;NA;NA;NA;NA;NA;NA;NA;"135";NA;2,0150611e+13;2015;1;0;0;0;0;0;"['20150428000000']";0;0;0;0;0;0;1;0;0;0;0;0;"['20150428000000']";1;0;0;0;0;0;0;0;0;0;0;0;0;0;"[]";"51.0";NA;2,0150423e+13;"447.0";NA;2,0150428e+13;NA;NA;NA;NA;"";NA;NA;"False";1;0;0;0;NA;NA;NA;NA;"";0;0;NA;0;0;NA;0;0;NA;"";NA;NA;"[307]"
"processos-tjmsp";"TJMSP_221_G2_29012_00013290920189260010";"TJMSP43470202108211629573630655";"TJMSP";"G2";"True";221;"True";13290920189260010;"True";1;"Justiça Militar Estadual";"3606";1;"True";NA;0;2,0180504e+13;2,0180504e+13;"True";1629573632227;20210821162032;29012;"True";3550308;"True";0;2;"True";8;"True";1;0;0;0;0;0;0;"";1;1;1;0;0;1;1;1;1;0;0;0;"M";0;0;0;0;0;0;0;0;0;0;29;0;NA;9;0;0;"";0;1;0;0;NA;"26";NA;"['2:tipo_de_distribuicao_redistribuicao:85:sorteio manual']";2,0180214e+13;2018;"";NA;NA;"900.0";NA;2,0180801e+13;2018;"900.0";NA;2,0180801e+13;2018;"22.0";NA;2,0180515e+13;"";"2018.0";"22.0";NA;2,0180905e+13;"";"2018.0";"";NA;NA;"";"";"";NA;NA;NA;NA;NA;NA;NA;NA;NA;NA;NA;NA;NA;NA;NA;NA;NA;NA;NA;NA;"123";NA;2,0180905e+13;2018;1;1;0;0;0;0;"['20180801000000']";0;0;0;0;0;0;1;1;0;0;0;0;"['20180801000000']";0;0;0;0;0;0;0;0;0;0;0;0;0;0;"[]";"51.0";NA;2,0180726e+13;"900.0";NA;2,0180801e+13;NA;NA;NA;NA;"";NA;NA;"False";1;0;0;0;NA;NA;NA;NA;"";0;0;NA;0;0;NA;0;0;NA;"";NA;NA;"[221]"
"processos-tjmsp";"TJMSP_202_G2_29010_00015967920169260000";"TJMSP44077202108211629573519332";"TJMSP";"G2";"True";202;"True";15967920169260000;"True";1;"Justiça Militar Estadual";"9196";1;"True";NA;0;2,016052e+13;2,016052e+13;"True";1629573520454;20210821161840;29010;"True";3550308;"True";0;2;"True";8;"True";1;1;1;1;0;0;0;"M";0;0;0;0;0;1;0;0;0;0;0;0;"";1;1;1;0;0;0;0;0;0;0;21;0;NA;6;0;0;"";0;1;0;0;NA;"132";NA;"['Recebidos os autos']";2,0160519e+13;2016;"";NA;NA;"239.0";NA;2,0161013e+13;2016;"239.0";NA;2,0161013e+13;2016;"22.0";NA;2,017013e+13;"";"2017.0";"22.0";NA;2,017013e+13;"";"2017.0";"";NA;NA;"";"";"";NA;NA;NA;NA;NA;NA;NA;NA;NA;NA;NA;NA;NA;NA;NA;NA;NA;NA;NA;NA;"123";NA;2,017013e+13;2017;1;0;0;0;0;0;"['20161013000000']";0;0;0;0;0;0;1;0;0;0;0;0;"['20161013000000']";0;0;0;0;0;0;0;0;0;0;0;0;0;0;"[]";"51.0";NA;2,0161007e+13;"239.0";NA;2,0161013e+13;NA;NA;NA;NA;"";NA;NA;"False";1;0;0;0;NA;NA;NA;NA;"";0;0;NA;0;0;NA;0;0;NA;"";NA;NA;"[202]"
"processos-tjmsp";"TJMSP_221_G2_29009_00017015520189260010";"TJMSP93718202108211629573633413";"TJMSP";"G2";"True";221;"True";17015520189260010;"True";1;"Justiça Militar Estadual";"3606";1;"True";NA;0;2,0180509e+13;2,0180509e+13;"True";1629574256846;20210821163056;29009;"True";3550308;"True";0;2;"True";8;"True";1;0;0;0;0;0;0;"";1;1;1;0;0;1;0;0;0;0;0;0;"";1;1;1;0;0;0;0;0;0;0;20;0;NA;6;0;0;"";0;1;0;0;NA;"132";NA;"['Recebidos os autos']";2,0180425e+13;2018;"";NA;NA;"900.0";NA;2,0180718e+13;2018;"900.0";NA;2,0180718e+13;2018;"22.0";NA;2,0180816e+13;"";"2018.0";"22.0";NA;2,0180816e+13;"";"2018.0";"";NA;NA;"";"";"";NA;NA;NA;NA;NA;NA;NA;NA;NA;NA;NA;NA;NA;NA;NA;NA;NA;NA;NA;NA;"123";NA;2,0180816e+13;2018;1;1;0;0;0;0;"['20180718000000']";0;0;0;0;0;0;1;1;0;0;0;0;"['20180718000000']";0;0;0;0;0;0;0;0;0;0;0;0;0;0;"[]";"51.0";NA;2,0180712e+13;"900.0";NA;2,0180718e+13;NA;NA;NA;NA;"";NA;NA;"False";1;0;0;0;NA;NA;NA;NA;"";0;0;NA;0;0;NA;0;0;NA;"";NA;NA;"[221]"
"processos-tjmsp";"TJMSP_305_G2_29010_00017206220169260000";"TJMSP44077202108211629573519332";"TJMSP";"G2";"True";305;"True";17206220169260000;"True";1;"Justiça Militar Estadual";"11417";1;"True";NA;0;2,0160602e+13;2,0160602e+13;"True";1629573520883;20210821161840;29010;"True";3550308;"True";0;2;"True";8;"True";1;0;0;0;0;0;0;"";1;1;1;0;0;1;0;0;0;0;0;0;"";1;1;1;0;0;0;0;0;0;0;24;0;NA;8;0;0;"";0;1;0;0;NA;"132";NA;"['Recebidos os autos']";2,0160523e+13;2016;"";NA;NA;"237.0";NA;2,0160707e+13;2016;"237.0";NA;2,0160707e+13;2016;"22.0";NA;2,0160831e+13;"";"2016.0";"22.0";NA;2,0160831e+13;"";"2016.0";"";NA;NA;"";"";"";NA;NA;NA;NA;NA;NA;NA;NA;NA;NA;NA;NA;NA;NA;NA;NA;NA;NA;NA;NA;"123";NA;2,0160831e+13;2016;1;0;0;0;0;0;"['20160707000000']";0;0;0;0;0;0;1;0;0;0;0;0;"['20160707000000']";0;0;0;0;0;0;0;0;0;0;0;0;0;0;"[]";"51.0";NA;2,0160629e+13;"237.0";NA;2,0160707e+13;NA;NA;NA;NA;"";NA;NA;"False";1;0;0;0;NA;NA;NA;NA;"";0;0;NA;0;0;NA;0;0;NA;"";NA;NA;"[305]"
"processos-tjmsp";"TJMSP_208_G2_29008_00017389120149260020";"TJMSP50168202108211629573508725";"TJMSP";"G2";"True";208;"True";17389120149260020;"True";1;"Justiça Militar Estadual";"10364";1;"True";NA;0;2,0160111e+13;2,0160111e+13;"True";1629573509485;20210821161829;29008;"True";3550308;"True";0;2;"True";8;"True";1;0;0;0;0;0;0;"";1;1;1;0;0;1;1;1;1;0;0;0;"F";0;0;0;0;0;0;0;0;0;0;47;0;NA;16;0;0;"";0;2;0;0;NA;"132";NA;"['Recebidos os autos']";2,0150417e+13;2015;"";NA;NA;"219.0";NA;2,0150616e+13;2015;"219.0";NA;2,0150616e+13;2015;"22.0";NA;2,0160727e+13;"";"2016.0";"22.0";NA;2,0160727e+13;"";"2016.0";"";NA;NA;"";"";"";NA;NA;NA;NA;NA;NA;NA;NA;NA;NA;NA;NA;NA;NA;NA;NA;NA;NA;NA;NA;"123";NA;2,0160727e+13;2016;2;0;0;0;0;0;"['20150616000000', '20160511000000']";0;0;0;0;0;0;2;0;0;0;0;0;"['20150616000000', '20160511000000']";0;0;0;0;0;0;0;0;0;0;0;0;0;0;"[]";"51.0";NA;2,0160516e+13;"237.0";NA;2,0160511e+13;NA;NA;NA;NA;"219.0";NA;2,0150616e+13;"False";2;0;0;0;NA;NA;NA;NA;"";0;0;NA;0;0;NA;0;0;NA;"";NA;NA;"[199, 208]"
"processos-tjmsp";"TJMSP_11042_G2_83221_00018869520219260040";"TJMSP90534202111051636134167177";"TJMSP";"G2";"True";11042;"True";18869520219260040;"True";1;"Justiça Militar Estadual";"11174";1;"True";NA;0;2,0210922e+13;2,0210922e+13;"True";1636134174453;20211105144254;83221;"True";3550308;"True";0;2;"True";8;"True";2;2;2;2;0;0;0;"M, M";0;0;0;0;0;1;0;0;0;0;0;0;"";1;1;1;0;0;0;0;0;0;0;25;0;NA;8;0;0;"";0;1;0;0;NA;"132";NA;"['Recebidos os autos']";2,0210722e+13;2021;"";NA;NA;"239.0";NA;2,021102e+13;2021;"239.0";NA;2,021102e+13;2021;"";NA;NA;"";"";"";NA;NA;"";"";"";NA;NA;"";"";"";NA;NA;NA;NA;NA;NA;NA;NA;NA;NA;NA;NA;NA;NA;NA;NA;NA;NA;NA;NA;"132";NA;2,0211028e+13;2021;1;0;0;0;1;0;"['20211020000000']";0;0;0;0;0;0;1;0;0;0;1;0;"['20211020000000']";0;0;0;0;0;0;0;0;0;0;0;0;0;0;"[]";"51.0";NA;2,021102e+13;"239.0";NA;2,021102e+13;NA;NA;NA;NA;"";NA;NA;"False";0;0;0;0;NA;NA;NA;NA;"";0;0;NA;0;0;NA;0;0;NA;"";NA;NA;"[11042]"
"processos-tjmsp";"TJMSP_1727_G2_29009_00021981320179260040";"TJMSP79364202108211629573661112";"TJMSP";"G2";"True";1727;"True";21981320179260040;"True";1;"Justiça Militar Estadual";"11321";1;"True";NA;0;2,0181023e+13;2,0181023e+13;"True";1629573661813;20210821162101;29009;"True";3550308;"True";0;2;"True";8;"True";1;1;1;1;0;0;0;"M";0;0;0;0;0;1;0;0;0;0;0;0;"";1;1;1;0;0;0;0;0;0;0;34;0;NA;12;0;0;"";0;1;0;0;NA;"132";NA;"['Recebidos os autos']";2,0181022e+13;2018;"";NA;NA;"239.0";NA;2,0190226e+13;2019;"239.0";NA;2,0190226e+13;2019;"22.0";NA;2,0190523e+13;"";"2019.0";"22.0";NA;2,0190523e+13;"";"2019.0";"";NA;NA;"";"";"";NA;NA;NA;NA;NA;NA;NA;NA;NA;NA;NA;NA;NA;NA;NA;NA;NA;NA;NA;NA;"123";NA;2,0190523e+13;2019;1;0;1;0;0;0;"['20190226000000']";0;0;0;0;0;0;1;0;1;0;0;0;"['20190226000000']";0;0;0;0;0;0;0;0;0;0;0;0;0;0;"[]";"51.0";NA;2,0190429e+13;"239.0";NA;2,0190226e+13;NA;NA;NA;NA;"";NA;NA;"False";1;0;0;0;NA;NA;NA;NA;"";0;0;NA;0;0;NA;0;0;NA;"";NA;NA;"[417, 1727]"
"processos-tjmsp";"TJMSP_420_G2_29009_00024455520159260010";"TJMSP93115202108211629573710090";"TJMSP";"G2";"True";420;"True";24455520159260008;"True";1;"Justiça Militar Estadual";"11232";1;"True";NA;0;2,0201013e+13;2,0201013e+13;"True";1629574255562;20210821163055;29009;"True";3550308;"True";0;2;"True";8;"True";2;2;2;2;0;0;0;"M, M";0;0;0;0;0;1;0;0;0;0;0;0;"";1;1;1;0;0;0;0;0;0;0;25;0;NA;6;0;0;"";0;2;0;0;NA;"132";NA;"['Recebidos os autos']";2,0200928e+13;2020;"";NA;NA;"239.0";NA;2,0201027e+13;2020;"239.0";NA;2,0201027e+13;2020;"22.0";NA;2,0210305e+13;"";"2021.0";"22.0";NA;2,0210305e+13;"";"2021.0";"";NA;NA;"";"";"";NA;NA;NA;NA;NA;NA;NA;NA;NA;NA;NA;NA;NA;NA;NA;NA;NA;NA;NA;NA;"123";NA;2,0210305e+13;2021;1;0;0;1;0;0;"['20201027000000']";0;0;0;0;0;0;1;0;0;1;0;0;"['20201027000000']";0;0;0;0;0;0;0;0;0;0;0;0;0;0;"[]";"51.0";NA;2,0201217e+13;"239.0";NA;2,0201027e+13;NA;NA;NA;NA;"";NA;NA;"False";1;0;0;0;NA;NA;NA;NA;"";0;0;NA;0;0;NA;0;0;NA;"";NA;NA;"[426, 420]"
"processos-tjmsp";"TJMSP_221_G2_29010_00024480520189260010";"TJMSP99245202108211629573644023";"TJMSP";"G2";"True";221;"True";24480520189260008;"True";1;"Justiça Militar Estadual";"3606";1;"True";NA;0;2,0180523e+13;2,0180523e+13;"True";1629573644925;20210821162044;29010;"True";3550308;"True";0;2;"True";8;"True";2;2;2;2;0;0;0;"M, M";0;0;0;0;0;1;0;0;0;0;0;0;"";1;1;1;0;0;0;0;0;0;0;96;0;NA;38;0;0;"";0;3;0;0;NA;"132";NA;"['Recebidos os autos']";2,0180425e+13;2018;"";NA;NA;"900.0";NA;2,0180809e+13;2018;"900.0";NA;2,0180809e+13;2018;"22.0";NA;2,0180911e+13;"";"2018.0";"22.0";NA;2,0191016e+13;"";"2019.0";"";NA;NA;"";"";"";NA;NA;NA;NA;NA;NA;NA;NA;NA;NA;NA;NA;NA;NA;NA;NA;NA;NA;NA;NA;"581";NA;2,0210721e+13;2021;3;2;1;0;0;0;"['20180809000000', '20181003000000', '20190613000000']";0;0;0;0;0;0;3;2;1;0;0;0;"['20180809000000', '20181003000000', '20190613000000']";0;0;0;0;0;0;0;0;0;0;0;0;0;0;"[]";"51.0";NA;2,0201105e+13;"219.0";NA;2,0190613e+13;NA;NA;NA;NA;"219.0";NA;2,0190613e+13;"False";3;0;0;0;NA;NA;NA;NA;"";0;0;NA;0;0;NA;0;0;NA;"";NA;NA;"[221]"
"processos-tjmsp";"TJMSP_11042_G2_29009_00028416620149260010";"TJMSP34159202108211629573499266";"TJMSP";"G2";"True";11042;"True";28416620149260008;"True";1;"Justiça Militar Estadual";"11317";1;"True";NA;0;2,0150915e+13;2,0150915e+13;"True";1629573500090;20210821161820;29009;"True";3550308;"True";0;2;"True";8;"True";1;1;1;1;0;0;0;"M";0;0;0;0;0;1;0;0;0;0;0;0;"";1;1;1;0;0;0;0;0;0;0;60;0;NA;24;0;0;"";0;4;0;0;NA;"132";NA;"['Recebidos os autos']";2,0150803e+13;2015;"";NA;NA;"239.0";NA;2,0150915e+13;2015;"239.0";NA;2,0150915e+13;2015;"22.0";NA;2,0160729e+13;"";"2016.0";"22.0";NA;2,0160729e+13;"";"2016.0";"";NA;NA;"";"";"";NA;NA;NA;NA;NA;NA;NA;NA;NA;NA;NA;NA;NA;NA;NA;NA;NA;NA;NA;NA;"51";NA;2,0171211e+13;2017;2;0;0;0;0;0;"['20150915000000', '20151006000000']";0;0;0;0;0;0;2;0;0;0;0;0;"['20150915000000', '20151006000000']";0;0;0;0;0;0;0;0;0;0;0;0;0;0;"[]";"51.0";NA;2,0171211e+13;"237.0";NA;2,0151006e+13;NA;NA;NA;NA;"";NA;NA;"False";2;0;0;0;NA;NA;NA;NA;"";0;0;NA;0;0;NA;0;0;NA;"";NA;NA;"[419, 11042]"
"processos-tjmsp";"TJMSP_202_G2_29009_00029068120209260000";"TJMSP93115202108211629573710090";"TJMSP";"G2";"True";202;"True";29068120209260000;"True";1;"Justiça Militar Estadual";"10666";1;"True";NA;0;2,020093e+13;2,020093e+13;"True";1629574255318;20210821163055;29009;"True";3550308;"True";0;2;"True";8;"True";1;0;0;0;0;0;0;"";1;1;1;0;0;2;2;2;2;0;0;0;"M, M";0;0;0;0;0;0;0;0;0;0;28;0;NA;9;0;1;"235";0;1;0;0;NA;"26";NA;"['2:tipo_de_distribuicao_redistribuicao:3:prevenção']";2,020093e+13;2020;"";NA;NA;"235.0";NA;2,0201003e+13;2020;"";NA;NA;NA;"22.0";NA;2,0201215e+13;"";"2020.0";"22.0";NA;2,0210625e+13;"";"2021.0";"";NA;NA;"";"";"";NA;NA;NA;NA;NA;NA;NA;NA;NA;NA;NA;NA;NA;NA;NA;NA;NA;NA;NA;NA;"123";NA;2,0210625e+13;2021;1;0;0;1;0;0;"['20201003000000']";0;0;0;0;0;0;1;0;0;1;0;0;"['20201003000000']";0;0;0;0;0;0;0;0;0;0;0;0;0;0;"[]";"51.0";NA;2,0210201e+13;"235.0";NA;2,0201003e+13;NA;NA;NA;NA;"";NA;NA;"False";2;0;0;0;NA;NA;NA;NA;"";0;0;NA;0;0;NA;0;0;NA;"";NA;NA;"[202]"
"processos-tjmsp";"TJMSP_11042_G2_29010_00032316820179260030";"TJMSP84518202108211629573568550";"TJMSP";"G2";"True";11042;"True";32316820179260032;"True";1;"Justiça Militar Estadual";"11321";1;"True";NA;0;2,0180227e+13;2,0180227e+13;"True";1629573569936;20210821161929;29010;"True";3550308;"True";0;2;"True";8;"True";1;1;1;1;0;0;0;"M";0;0;0;0;0;1;0;0;0;0;0;0;"";1;1;1;0;0;0;0;0;0;0;42;0;NA;14;0;0;"";0;2;0;0;NA;"132";NA;"['Recebidos os autos']";2,0171016e+13;2017;"";NA;NA;"237.0";NA;2,0180411e+13;2018;"237.0";NA;2,0180411e+13;2018;"22.0";NA;2,0180426e+13;"";"2018.0";"22.0";NA;2,0180717e+13;"";"2018.0";"";NA;NA;"";"";"";NA;NA;NA;NA;NA;NA;NA;NA;NA;NA;NA;NA;NA;NA;NA;NA;NA;NA;NA;NA;"123";NA;2,0180717e+13;2018;2;2;0;0;0;0;"['20180411000000', '20180515000000']";0;0;0;0;0;0;2;2;0;0;0;0;"['20180411000000', '20180515000000']";0;0;0;0;0;0;0;0;0;0;0;0;0;0;"[]";"51.0";NA;2,0180711e+13;"219.0";NA;2,0180515e+13;NA;NA;NA;NA;"219.0";NA;2,0180515e+13;"False";3;0;0;0;NA;NA;NA;NA;"";0;0;NA;0;0;NA;0;0;NA;"";NA;NA;"[419, 11042]"
"processos-tjmsp";"TJMSP_199_G2_29012_00033832020159260020";"TJMSP15902202108211629573528709";"TJMSP";"G2";"True";199;"True";33832020159260020;"True";1;"Justiça Militar Estadual";"10328";1;"True";NA;0;2,016092e+13;2,016092e+13;"True";1629573529392;20210821161849;29012;"True";3550308;"True";0;2;"True";8;"True";1;1;1;1;0;0;0;"M";0;0;0;0;0;1;0;0;0;0;0;0;"";1;1;1;0;0;0;0;0;0;0;15;0;NA;5;0;0;"";0;1;0;0;NA;"132.0";NA;"['Recebidos os autos']";2,0160919e+13;2016;"";NA;NA;"239.0";NA;2,0161213e+13;2016;"239.0";NA;2,0161213e+13;2016;"22.0";NA;2,0170324e+13;"";"2017.0";"22.0";NA;2,0170324e+13;"";"2017.0";"";NA;NA;"";"";"";NA;NA;NA;NA;NA;NA;NA;NA;NA;NA;NA;NA;NA;NA;NA;NA;NA;NA;NA;NA;"123";NA;2,0170324e+13;2017;1;0;0;0;0;0;"['20161213000000']";0;0;0;0;0;0;1;0;0;0;0;0;"['20161213000000']";0;0;0;0;0;0;0;0;0;0;0;0;0;0;"[]";"51.0";NA;2,0161209e+13;"239.0";NA;2,0161213e+13;NA;NA;NA;NA;"";NA;NA;"False";1;0;0;0;NA;NA;NA;NA;"";0;0;NA;0;0;NA;0;0;NA;"";NA;NA;"[199]"
"processos-tjmsp";"TJMSP_305_G2_29009_00036672020179260000";"TJMSP84294202108211629573563519";"TJMSP";"G2";"True";305;"True";36672020179260000;"True";1;"Justiça Militar Estadual";"10904";1;"True";NA;0;2,0171215e+13;2,0171215e+13;"True";1629573564789;20210821161924;29009;"True";3550308;"True";0;2;"True";8;"True";1;0;0;0;0;0;0;"";1;1;1;0;0;1;0;0;0;0;0;0;"";1;1;1;0;0;0;0;0;0;0;32;0;NA;9;0;0;"";0;1;0;0;NA;"132";NA;"['Recebidos os autos']";2,0171212e+13;2017;"";NA;NA;"237.0";NA;2,0180413e+13;2018;"237.0";NA;2,0180413e+13;2018;"22.0";NA;2,0180606e+13;"";"2018.0";"22.0";NA;2,0180606e+13;"";"2018.0";"";NA;NA;"";"";"";NA;NA;NA;NA;NA;NA;NA;NA;NA;NA;NA;NA;NA;NA;NA;NA;NA;NA;NA;NA;"123";NA;2,0180606e+13;2018;1;1;0;0;0;0;"['20180413000000']";0;0;0;0;0;0;1;1;0;0;0;0;"['20180413000000']";0;0;0;0;0;0;0;0;0;0;0;0;0;0;"[]";"51.0";NA;2,0180507e+13;"237.0";NA;2,0180413e+13;NA;NA;NA;NA;"";NA;NA;"False";1;0;0;0;NA;NA;NA;NA;"";0;0;NA;0;0;NA;0;0;NA;"";NA;NA;"[305]"
"processos-tjmsp";"TJMSP_420_G2_29011_00042456220149260040";"TJMSP93115202108211629573710090";"TJMSP";"G2";"True";420;"True";42456220149260040;"True";1;"Justiça Militar Estadual";"12338";1;"True";NA;0;2,0200922e+13;2,0200922e+13;"True";1629574255116;20210821163055;29011;"True";3550308;"True";0;2;"True";8;"True";1;1;1;1;0;0;0;"M";0;0;0;0;0;1;0;0;0;0;0;0;"";1;1;1;0;0;0;0;0;0;0;23;0;NA;6;0;0;"";0;2;0;0;NA;"132";NA;"['Recebidos os autos']";2,0200916e+13;2020;"";NA;NA;"239.0";NA;2,0201006e+13;2020;"239.0";NA;2,0201006e+13;2020;"22.0";NA;2,0210531e+13;"";"2021.0";"22.0";NA;2,0210531e+13;"";"2021.0";"";NA;NA;"";"";"";NA;NA;NA;NA;NA;NA;NA;NA;NA;NA;NA;NA;NA;NA;NA;NA;NA;NA;NA;NA;"22";NA;2,0210531e+13;2021;1;0;0;1;0;0;"['20201006000000']";0;0;0;0;0;0;1;0;0;1;0;0;"['20201006000000']";0;0;0;0;0;0;0;0;0;0;0;0;0;0;"[]";"51.0";NA;2,021051e+13;"239.0";NA;2,0201006e+13;NA;NA;NA;NA;"";NA;NA;"False";0;0;0;0;NA;NA;NA;NA;"";0;0;NA;0;0;NA;0;0;NA;"";NA;NA;"[1727, 420]"
"processos-tjmsp";"TJMSP_198_G2_29009_08000072820199260060";"TJMSP35666202108141628951312893";"TJMSP";"G2";"True";198;"True";8000072820199260160;"True";1;"Justiça Militar Estadual";"10328, 10366";2;"True";NA;0;20190722210655;20190722210655;"True";1628951313711;20210814112833;29009;"True";0;"False";0;1;"True";1;"True";1;1;1;1;0;0;0;"M";0;0;0;0;0;1;0;0;0;0;0;0;"";1;1;1;0;0;0;0;0;0;0;26;0;NA;12;0;0;"";0;3;0;0;NA;"26";NA;"['2:tipo_de_distribuicao_redistribuicao:2:sorteio']";20190722210655;2019;"";NA;NA;"239.0";NA;20190917144558;2019;"239.0";NA;20190917144558;2019;"22.0";NA;20200318151812;"";"2020.0";"22.0";NA;20200318151812;"";"2020.0";"";NA;NA;"";"";"";NA;NA;NA;NA;NA;NA;NA;NA;NA;NA;NA;NA;NA;NA;NA;NA;NA;NA;NA;NA;"22";NA;20200318151812;2020;1;0;1;0;0;0;"['20190917144558']";0;0;0;0;0;0;1;0;1;0;0;0;"['20190917144558']";0;0;0;0;0;0;0;0;0;0;0;0;0;0;"[]";"51.0";NA;20200114135539;"239.0";NA;20190917144558;NA;NA;NA;NA;"";NA;NA;"False";0;0;0;0;NA;NA;NA;NA;"";0;0;NA;0;0;NA;0;0;NA;"";NA;NA;"[198]"
"processos-tjmsp";"TJMSP_198_G2_29011_08000722320199260060";"TJMSP11996202108141628955719465";"TJMSP";"G2";"True";198;"True";8000722320199260160;"True";1;"Justiça Militar Estadual";"10365";1;"True";NA;0;20200131181441;20200131181441;"True";1628955959508;20210814124559;29011;"True";3550308;"True";0;1;"True";1;"True";1;1;1;1;0;0;0;"M";0;0;0;0;0;1;0;0;0;0;0;0;"";1;1;1;0;0;0;0;0;0;0;40;0;NA;20;0;0;"";0;5;0;0;NA;"26";NA;"['2:tipo_de_distribuicao_redistribuicao:2:sorteio']";20200131181441;2020;"";NA;NA;"239.0";NA;20200609171502;2020;"239.0";NA;20200609171502;2020;"123.0";NA;20201109150359;"18:motivo_da_remessa:194";"2020.0";"22.0";NA;20201109150359;"";"2020.0";"";NA;NA;"";"";"";NA;NA;NA;NA;NA;NA;NA;NA;NA;NA;NA;NA;NA;NA;NA;NA;NA;NA;NA;NA;"22";NA;20201109150359;2020;1;0;0;1;0;0;"['20200609171502']";0;0;0;0;0;0;1;0;0;1;0;0;"['20200609171502']";0;0;0;0;0;0;0;0;0;0;0;0;0;0;"[]";"51.0";NA;20200916132443;"239.0";NA;20200609171502;NA;NA;NA;NA;"";NA;NA;"False";1;0;0;0;NA;NA;NA;NA;"";0;0;NA;0;0;NA;0;0;NA;"";NA;NA;"[198]"
"processos-tjmsp";"TJMSP_198_G2_32091_08000849420189260020";"TJMSP95298202108141628951320253";"TJMSP";"G2";"True";198;"True";8000849420189259776;"True";1;"Justiça Militar Estadual";"10366";1;"True";NA;0;20190321200933;20190321200933;"True";1628951321197;20210814112841;32091;"True";0;"False";0;1;"True";1;"True";1;1;1;1;0;0;0;"M";0;0;0;0;0;1;0;0;0;0;0;0;"";1;1;1;0;0;0;0;0;0;0;19;0;NA;9;0;0;"";0;3;0;0;NA;"26";NA;"['2:tipo_de_distribuicao_redistribuicao:2:sorteio']";20190321200934;2019;"";NA;NA;"239.0";NA;20190610162350;2019;"239.0";NA;20190610162350;2019;"22.0";NA;20190813121757;"";"2019.0";"22.0";NA;20190813121757;"";"2019.0";"";NA;NA;"";"";"";NA;NA;NA;NA;NA;NA;NA;NA;NA;NA;NA;NA;NA;NA;NA;NA;NA;NA;NA;NA;"22";NA;20190813121757;2019;1;0;1;0;0;0;"['20190610162350']";0;0;0;0;0;0;1;0;1;0;0;0;"['20190610162350']";0;0;0;0;0;0;0;0;0;0;0;0;0;0;"[]";"51.0";NA;20190514105742;"239.0";NA;20190610162350;NA;NA;NA;NA;"";NA;NA;"False";0;0;0;0;NA;NA;NA;NA;"";0;0;NA;0;0;NA;0;0;NA;"";NA;NA;"[198]"
"processos-tjmsp";"TJMSP_241_G2_29006_08000960620219260020";"TJMSP41713202111051636134180721";"TJMSP";"G2";"True";241;"True";8000960620219259904;"True";1;"Justiça Militar Estadual";"10328";1;"True";NA;0;20211022144729;20211022144729;"True";1636134261366;20211105144421;29006;"True";3550308;"True";0;1;"True";1;"True";1;1;1;1;0;0;0;"M";0;0;0;0;0;1;0;0;0;0;0;0;"";1;1;1;0;0;0;0;0;0;0;5;0;NA;4;0;0;"";0;0;0;0;NA;"26";NA;"['2:tipo_de_distribuicao_redistribuicao:2:sorteio']";20211022144729;2021;"";NA;NA;"";NA;NA;NA;"";NA;NA;NA;"";NA;NA;"";"";"";NA;NA;"";"";"";NA;NA;"";"";"";NA;NA;NA;NA;NA;NA;NA;NA;NA;NA;NA;NA;NA;NA;NA;NA;NA;NA;NA;NA;"51";NA;20211026174512;2021;0;0;0;0;0;0;"[]";0;0;0;0;0;0;0;0;0;0;0;0;"[]";0;0;0;0;0;0;0;0;0;0;0;0;0;0;"[]";"51.0";NA;20211026174512;"";NA;NA;NA;NA;NA;NA;"";NA;NA;"False";0;0;0;0;NA;NA;NA;NA;"";0;0;NA;0;0;NA;0;0;NA;"";NA;NA;"[241]"
"processos-tjmsp";"TJMSP_198_G2_29007_08001213520179260060";"TJMSP98056202108141628951363446";"TJMSP";"G2";"True";198;"True";8001213520179260416;"True";1;"Justiça Militar Estadual";"10365";1;"True";NA;0;20180418195255;20180418195255;"True";1628951364937;20210814112924;29007;"True";0;"False";0;1;"True";1;"True";1;0;0;0;0;0;0;"";1;1;1;0;0;1;1;1;1;0;0;0;"M";0;0;0;0;0;0;0;0;0;0;26;0;NA;13;0;0;"";0;6;0;0;NA;"26";NA;"['2:tipo_de_distribuicao_redistribuicao:2:sorteio']";20180418195256;2018;"";NA;NA;"239.0";NA;20180809154050;2018;"239.0";NA;20180809154050;2018;"22.0";NA;20181129122408;"";"2018.0";"22.0";NA;20181129122408;"";"2018.0";"";NA;NA;"";"";"";NA;NA;NA;NA;NA;NA;NA;NA;NA;NA;NA;NA;NA;NA;NA;NA;NA;NA;NA;NA;"22";NA;20181129122408;2018;5;5;0;0;0;0;"['20180809154050', '20180810101353', '20180831114824', '20180903153415', '20180903153420']";0;0;0;0;0;0;5;5;0;0;0;0;"['20180809154050', '20180810101353', '20180831114824', '20180903153415', '20180903153420']";0;0;0;0;0;0;0;0;0;0;0;0;0;0;"[]";"51.0";NA;20180502140122;"239.0";NA;20180903153420;NA;NA;NA;NA;"";NA;NA;"False";0;0;0;0;NA;NA;NA;NA;"";0;0;NA;0;0;NA;0;0;NA;"";NA;NA;"[198]"
"processos-tjmsp";"TJMSP_198_G2_29011_08001264620189260020";"TJMSP67140202108141628951262746";"TJMSP";"G2";"True";198;"True";8001264620189259776;"True";1;"Justiça Militar Estadual";"10328, 10366";2;"True";NA;0;20190510124629;20190510124629;"True";1628951263716;20210814112743;29011;"True";0;"False";0;1;"True";1;"True";1;1;1;1;0;0;0;"M";0;0;0;0;0;1;0;0;0;0;0;0;"";1;1;1;0;0;0;0;0;0;0;28;0;NA;13;0;0;"";0;4;0;0;NA;"26";NA;"['2:tipo_de_distribuicao_redistribuicao:2:sorteio']";20190510124630;2019;"";NA;NA;"239.0";NA;20190827152637;2019;"239.0";NA;20190827152637;2019;"22.0";NA;20191211144406;"";"2019.0";"22.0";NA;20191211144406;"";"2019.0";"";NA;NA;"";"";"";NA;NA;NA;NA;NA;NA;NA;NA;NA;NA;NA;NA;NA;NA;NA;NA;NA;NA;NA;NA;"22";NA;20191211144406;2019;1;0;1;0;0;0;"['20190827152637']";0;0;0;0;0;0;1;0;1;0;0;0;"['20190827152637']";0;0;0;0;0;0;0;0;0;0;0;0;0;0;"[]";"51.0";NA;20191018135042;"239.0";NA;20190827152637;NA;NA;NA;NA;"";NA;NA;"False";0;0;0;0;NA;NA;NA;NA;"";0;0;NA;0;0;NA;0;0;NA;"";NA;NA;"[198]"
"processos-tjmsp";"TJMSP_198_G2_29009_08001336720209260020";"TJMSP22954202111051636134183805";"TJMSP";"G2";"True";198;"True";8001336720209259520;"True";1;"Justiça Militar Estadual";"10366";1;"True";NA;0;20210610103051;20210610103051;"True";1636134197023;20211105144317;29009;"True";3550308;"True";0;1;"True";1;"True";1;1;1;1;0;0;0;"M";0;0;0;0;0;1;0;0;0;0;0;0;"";1;1;1;0;0;0;0;0;0;0;56;0;NA;30;0;0;"";0;6;0;0;NA;"26";NA;"['2:tipo_de_distribuicao_redistribuicao:2:sorteio']";20210610103052;2021;"";NA;NA;"239.0";NA;20210713165921;2021;"239.0";NA;20210713165921;2021;"";NA;NA;"";"";"";NA;NA;"";"";"";NA;NA;"";"";"";NA;NA;NA;NA;NA;NA;NA;NA;NA;NA;NA;NA;NA;NA;NA;NA;NA;NA;NA;NA;"92";NA;20211027132123;2021;1;0;0;0;1;0;"['20210713165921']";0;0;0;0;0;0;1;0;0;0;1;0;"['20210713165921']";0;0;0;0;0;0;0;0;0;0;0;0;0;0;"[]";"51.0";NA;20211027123040;"239.0";NA;20210713165921;NA;NA;NA;NA;"";NA;NA;"False";0;0;0;0;NA;NA;NA;NA;"";0;0;NA;0;0;NA;0;0;NA;"";NA;NA;"[198]"
"processos-tjmsp";"TJMSP_202_G2_29012_09000014420219260000";"TJMSP31888202108141628955695668";"TJMSP";"G2";"True";202;"True";9000014420219259904;"True";1;"Justiça Militar Estadual";"10328";1;"True";NA;0;20210105151436;20210105151436;"True";1628955954884;20210814124554;29012;"True";3550308;"True";0;1;"True";1;"True";1;1;1;1;0;0;0;"F";0;0;0;0;0;1;0;0;0;0;0;0;"";1;1;1;0;0;0;0;0;0;0;11;0;NA;8;0;0;"";0;1;0;0;NA;"26";NA;"['2:tipo_de_distribuicao_redistribuicao:2:sorteio']";20210105151436;2021;"";NA;NA;"235.0";NA;20210108173720;2021;"";NA;NA;NA;"246.0";NA;20210407180944;"";"2021.0";"246.0";NA;20210407180944;"";"2021.0";"";NA;NA;"";"";"";NA;NA;NA;NA;NA;NA;NA;NA;NA;NA;NA;NA;NA;NA;NA;NA;NA;NA;NA;NA;"246";NA;20210407180944;2021;1;0;0;0;1;0;"['20210108173720']";0;0;0;0;0;0;1;0;0;0;1;0;"['20210108173720']";0;0;0;0;0;0;0;0;0;0;0;0;0;0;"[]";"51.0";NA;20210108153636;"235.0";NA;20210108173720;NA;NA;NA;NA;"";NA;NA;"False";0;0;0;0;NA;NA;NA;NA;"";0;0;NA;0;0;NA;0;0;NA;"";NA;NA;"[202]"
"processos-tjmsp";"TJMSP_11036_G2_29009_09000067620159260000";"TJMSP42449202108141628951335232";"TJMSP";"G2";"True";11036;"True";9000067620159259648;"True";1;"Justiça Militar Estadual";"11056, 11096";2;"True";NA;0;20151218162946;20151218162946;"True";1628951336807;20210814112856;29009;"True";0;"False";0;1;"True";1;"True";2;1;1;1;0;0;0;"M";1;1;1;0;0;1;1;1;1;0;0;0;"M";0;0;0;0;0;0;0;0;0;0;58;0;NA;47;0;3;"581, 581, 581";0;8;0;0;NA;"26";NA;"['2:tipo_de_distribuicao_redistribuicao:2:sorteio']";20151218162946;2015;"";NA;NA;"219.0";NA;20160915101959;2016;"219.0";NA;20160915101959;2016;"246.0";NA;20161216123852;"";"2016.0";"246.0";NA;20161216123852;"";"2016.0";"";NA;NA;"";"";"";NA;NA;NA;NA;NA;NA;NA;NA;NA;NA;NA;NA;NA;NA;NA;NA;NA;NA;NA;NA;"246";NA;20161216123852;2016;1;0;0;0;0;0;"['20160915101959']";0;0;0;0;0;0;1;0;0;0;0;0;"['20160915101959']";0;0;0;0;0;0;0;0;0;0;0;0;0;0;"[]";"51.0";NA;20161206114011;"219.0";NA;20160915101959;NA;NA;NA;NA;"219.0";NA;20160915101959;"False";1;0;0;0;NA;NA;NA;NA;"";0;0;NA;0;0;NA;0;0;NA;"";NA;NA;"[11036]"
"processos-tjmsp";"TJMSP_47_G2_29007_09000119320189260000";"TJMSP85092202108141628951305449";"TJMSP";"G2";"True";47;"True";9000119320189259776;"True";1;"Justiça Militar Estadual";"10351";1;"True";NA;0;20180130095019;20180130095019;"True";1628951306561;20210814112826;29007;"True";0;"False";0;1;"True";1;"True";1;1;1;1;0;0;0;"M";0;0;0;0;0;2;1;1;1;0;0;0;"M";1;1;1;0;0;0;0;0;0;0;101;0;NA;59;0;0;"";0;37;0;0;NA;"26";NA;"['2:tipo_de_distribuicao_redistribuicao:2:sorteio']";20180130095020;2018;"";NA;NA;"220.0";NA;20180815161619;2018;"220.0";NA;20180815161619;2018;"123.0";NA;20190624173441;"18:motivo_da_remessa:38";"2019.0";"246.0";NA;20200911172809;"";"2020.0";"";NA;NA;"";"";"";NA;NA;NA;NA;NA;NA;NA;NA;NA;NA;NA;NA;NA;NA;NA;NA;NA;NA;NA;NA;"246";NA;20200911172809;2020;9;9;0;0;0;0;"['20180815161619', '20180816130911', '20180910180152', '20180910180157', '20180925122459', '20180925122617', '20180925122753', '20180926113325', '20180926113329']";0;0;0;0;0;0;9;9;0;0;0;0;"['20180815161619', '20180816130911', '20180910180152', '20180910180157', '20180925122459', '20180925122617', '20180925122753', '20180926113325', '20180926113329']";0;0;0;0;0;0;0;0;0;0;0;0;0;0;"[]";"51.0";NA;20190318174803;"220.0";NA;20180926113329;NA;NA;NA;NA;"220.0";NA;20180815161619;"False";2;0;0;0;NA;NA;NA;NA;"";0;0;NA;0;0;NA;0;0;NA;"";NA;NA;"[47]"
"processos-tjmsp";"TJMSP_307_G2_29009_09000562920209260000";"TJMSP87187202108141628951273179";"TJMSP";"G2";"True";307;"True";9000562920209259520;"True";1;"Justiça Militar Estadual";"4355, 9196, 11317";3;"True";NA;0;20200403195002;20200403195002;"True";1628951274007;20210814112754;29009;"True";0;"False";0;1;"True";1;"True";8;8;8;8;0;0;0;"M, M, M, M, M, M, M, M";0;0;0;0;0;1;0;0;0;0;0;0;"";0;0;0;1;0;0;0;0;0;0;40;0;NA;29;0;0;"";0;5;0;0;NA;"26.0";NA;"['2:tipo_de_distribuicao_redistribuicao:2:sorteio']";20200403195002;2020;"";NA;NA;"447.0";NA;20200506161924;2020;"447.0";NA;20200506161924;2020;"246.0";NA;20200722143931;"";"2020.0";"246.0";NA;20200722143931;"";"2020.0";"";NA;NA;"";"";"";NA;NA;NA;NA;NA;NA;NA;NA;NA;NA;NA;NA;NA;NA;NA;NA;NA;NA;NA;NA;"246.0";NA;20200722143931;2020;1;0;0;1;0;0;"['20200506161924']";0;0;0;0;0;0;1;0;0;1;0;0;"['20200506161924']";1;0;0;1;0;0;0;0;0;0;0;0;0;0;"[]";"51.0";NA;20200423182424;"447.0";NA;20200506161924;NA;NA;NA;NA;"";NA;NA;"False";0;0;0;0;NA;NA;NA;NA;"";0;0;NA;0;0;NA;0;0;NA;"";NA;NA;"[307]"
"processos-tjmsp";"TJMSP_11036_G2_29012_09001528320169260000";"TJMSP54363202108141628951248849";"TJMSP";"G2";"True";11036;"True";9001528320169260032;"True";1;"Justiça Militar Estadual";"11056, 11096";2;"True";NA;0;20160906150311;20160906150311;"True";1628951250414;20210814112730;29012;"True";0;"False";0;1;"True";1;"True";1;0;0;0;0;0;0;"";1;1;1;0;0;1;1;1;1;0;0;0;"M";0;0;0;0;0;0;0;0;0;0;51;0;NA;34;0;0;"";0;13;0;0;NA;"26";NA;"['2:tipo_de_distribuicao_redistribuicao:2:sorteio']";20160906150312;2016;"";NA;NA;"219.0";NA;20170503183351;2017;"219.0";NA;20170503183351;2017;"246.0";NA;20170726105848;"";"2017.0";"246.0";NA;20170726105848;"";"2017.0";"";NA;NA;"";"";"";NA;NA;NA;NA;NA;NA;NA;NA;NA;NA;NA;NA;NA;NA;NA;NA;NA;NA;NA;NA;"246";NA;20170726105848;2017;4;0;0;0;0;0;"['20170503183351', '20170504102017', '20170712110330', '20170712110343']";0;0;0;0;0;0;4;0;0;0;0;0;"['20170503183351', '20170504102017', '20170712110330', '20170712110343']";0;0;0;0;0;0;0;0;0;0;0;0;0;0;"[]";"51.0";NA;20170711142207;"219.0";NA;20170712110343;NA;NA;NA;NA;"219.0";NA;20170503183351;"False";0;0;0;0;NA;NA;NA;NA;"";0;0;NA;0;0;NA;0;0;NA;"";NA;NA;"[11036]"
"processos-tjmsp";"TJMSP_120_G2_29006_09001897620179260000";"TJMSP58470202108141628951267984";"TJMSP";"G2";"True";120;"True";9001897620179260416;"True";1;"Justiça Militar Estadual";"8919, 9196";2;"True";NA;0;20170816181443;20170816181443;"True";1628951268906;20210814112748;29006;"True";0;"False";0;1;"True";1;"True";1;1;1;1;0;0;0;"M";0;0;0;0;0;1;0;0;0;0;0;0;"";0;0;0;1;0;0;0;0;0;0;12;0;NA;8;0;0;"";0;2;0;0;NA;"26";NA;"['2:tipo_de_distribuicao_redistribuicao:2:sorteio']";20170816181443;2017;"";NA;NA;"901.0";NA;20170818185846;2017;"901.0";NA;20170818185846;2017;"246.0";NA;20170921150232;"";"2017.0";"246.0";NA;20170921150232;"";"2017.0";"";NA;NA;"";"";"";NA;NA;NA;NA;NA;NA;NA;NA;NA;NA;NA;NA;NA;NA;NA;NA;NA;NA;NA;NA;"246";NA;20170921150232;2017;1;0;0;0;0;0;"['20170818185846']";0;0;0;0;0;0;1;0;0;0;0;0;"['20170818185846']";0;0;0;0;0;0;0;0;0;0;0;0;0;0;"[]";"51.0";NA;20170818172336;"901.0";NA;20170818185846;NA;NA;NA;NA;"";NA;NA;"False";0;0;0;0;NA;NA;NA;NA;"";0;0;NA;0;0;NA;0;0;NA;"";NA;NA;"[120, 120]"
"processos-tjmsp";"TJMSP_11036_G2_29010_09002064920169260000";"TJMSP93719202108141628951278413";"TJMSP";"G2";"True";11036;"True";9002064920169260032;"True";1;"Justiça Militar Estadual";"11056, 11096";2;"True";NA;0;20161215122425;20161215122425;"True";1628951279550;20210814112759;29010;"True";0;"False";0;1;"True";1;"True";1;0;0;0;0;0;0;"";1;1;1;0;0;1;1;1;1;0;0;0;"M";0;0;0;0;0;0;0;0;0;0;85;0;NA;54;0;0;"";0;27;0;0;NA;"26";NA;"['2:tipo_de_distribuicao_redistribuicao:2:sorteio']";20161215122425;2016;"";NA;NA;"219.0";NA;20180131195716;2018;"219.0";NA;20180131195716;2018;"246.0";NA;20180514181813;"";"2018.0";"246.0";NA;20180514181813;"";"2018.0";"";NA;NA;"";"";"";NA;NA;NA;NA;NA;NA;NA;NA;NA;NA;NA;NA;NA;NA;NA;NA;NA;NA;NA;NA;"246";NA;20180514181813;2018;4;4;0;0;0;0;"['20180131195716', '20180201102322', '20180503164755', '20180503164758']";0;0;0;0;0;0;4;4;0;0;0;0;"['20180131195716', '20180201102322', '20180503164755', '20180503164758']";0;0;0;0;0;0;0;0;0;0;0;0;0;0;"[]";"51.0";NA;20180427115218;"219.0";NA;20180503164758;NA;NA;NA;NA;"219.0";NA;20180131195716;"False";0;0;0;0;NA;NA;NA;NA;"";0;0;NA;0;0;NA;0;0;NA;"";NA;NA;"[11036]"
"processos-tjmsp";"TJMSP_1689_G2_29012_09002560220219260000";"TJMSP82326202111051636134194496";"TJMSP";"G2";"True";1689;"True";9002560220219259904;"True";1;"Justiça Militar Estadual";"10328, 10366";2;"True";NA;0;20210901115822;20210901115822;"True";1636136042869;20211105151402;29012;"True";3550308;"True";0;1;"True";1;"True";1;1;1;1;0;0;0;"M";0;0;0;0;0;1;0;0;0;0;0;0;"";1;1;1;0;0;0;0;0;0;0;26;0;NA;12;0;0;"";0;4;0;0;NA;"26";NA;"['2:tipo_de_distribuicao_redistribuicao:4:dependência']";20210901115822;2021;"";NA;NA;"239.0";NA;20210928151444;2021;"239.0";NA;20210928151444;2021;"246.0";NA;20211005130503;"";"2021.0";"246.0";NA;20211005130503;"";"2021.0";"";NA;NA;"";"";"";NA;NA;NA;NA;NA;NA;NA;NA;NA;NA;NA;NA;NA;NA;NA;NA;NA;NA;NA;NA;"246";NA;20211005130503;2021;1;0;0;0;1;0;"['20210928151444']";0;0;0;0;0;0;1;0;0;0;1;0;"['20210928151444']";0;0;0;0;0;0;0;0;0;0;0;0;0;0;"[]";"51.0";NA;20210915142227;"239.0";NA;20210928151444;NA;NA;NA;NA;"";NA;NA;"False";0;0;0;0;NA;NA;NA;NA;"";0;0;NA;0;0;NA;0;0;NA;"";NA;NA;"[1689]"
"processos-tjmsp";"TJMSP_307_G2_32091_09002586920219260000";"TJMSP82326202111051636134194496";"TJMSP";"G2";"True";307;"True";9002586920219259904;"True";1;"Justiça Militar Estadual";"4355";1;"True";NA;0;20210901124657;20210901124657;"True";1636136043360;20211105151403;32091;"True";3550308;"True";0;1;"True";1;"True";1;1;1;1;0;0;0;"M";0;0;0;0;0;1;0;0;0;0;0;0;"";0;0;0;1;0;0;0;0;0;0;39;0;NA;19;0;0;"";0;6;0;0;NA;"26";NA;"['2:tipo_de_distribuicao_redistribuicao:2:sorteio']";20210901124657;2021;"";NA;NA;"12459.0";NA;20211007154128;2021;"";NA;NA;NA;"";NA;NA;"";"";"";NA;NA;"";"";"";NA;NA;"";"";"";NA;NA;NA;NA;NA;NA;NA;NA;NA;NA;NA;NA;NA;NA;NA;NA;NA;NA;NA;NA;"92";NA;20211026111213;2021;1;0;0;0;1;0;"['20211007154128']";0;0;0;0;0;0;1;0;0;0;1;0;"['20211007154128']";1;0;0;0;1;0;0;0;0;0;0;0;0;0;"[]";"51.0";NA;20210927122300;"12459.0";NA;20211007154128;NA;NA;NA;NA;"";NA;NA;"False";0;0;0;0;NA;NA;NA;NA;"";0;0;NA;0;0;NA;0;0;NA;"";NA;NA;"[307]"
"processos-tjmsp";"TJMSP_1689_G2_29007_09002919820179260000";"TJMSP93719202108141628951278413";"TJMSP";"G2";"True";1689;"True";9002919820179260416;"True";1;"Justiça Militar Estadual";"10366";1;"True";NA;0;20171124143938;20171124143938;"True";1628951279650;20210814112759;29007;"True";0;"False";0;1;"True";1;"True";1;1;1;1;0;0;0;"M";0;0;0;0;0;1;0;0;0;0;0;0;"";1;1;1;0;0;0;0;0;0;0;48;0;NA;29;0;0;"";0;15;0;0;NA;"26";NA;"['2:tipo_de_distribuicao_redistribuicao:2:sorteio']";20171124143938;2017;"";NA;NA;"239.0";NA;20180315171348;2018;"239.0";NA;20180315171348;2018;"123.0";NA;20181126113027;"18:motivo_da_remessa:38";"2018.0";"246.0";NA;20190213140553;"";"2019.0";"";NA;NA;"";"";"";NA;NA;NA;NA;NA;NA;NA;NA;NA;NA;NA;NA;NA;NA;NA;NA;NA;NA;NA;NA;"246";NA;20190213140553;2019;5;5;0;0;0;0;"['20180315171348', '20180316122453', '20180626182202', '20180627101630', '20180731145222']";0;0;0;0;0;0;5;5;0;0;0;0;"['20180315171348', '20180316122453', '20180626182202', '20180627101630', '20180731145222']";0;0;0;0;0;0;0;0;0;0;0;0;0;0;"[]";"51.0";NA;20180813132059;"236.0";NA;20180731145222;NA;NA;NA;NA;"";NA;NA;"False";1;0;0;0;NA;NA;NA;NA;"";0;0;NA;0;0;NA;0;0;NA;"";NA;NA;"[1689]"
"processos-tjmsp";"TJMSP_307_G2_29007_09003213620179260000";"TJMSP58470202108141628951267984";"TJMSP";"G2";"True";307;"True";9003213620179260416;"True";1;"Justiça Militar Estadual";"11081";1;"True";NA;0;20171213161200;20171213161200;"True";1628951269042;20210814112749;29007;"True";0;"False";0;1;"True";1;"True";1;1;1;1;0;0;0;"M";0;0;0;0;0;1;0;0;0;0;0;0;"";0;0;0;1;0;0;0;0;0;0;50;0;NA;32;0;0;"";0;14;14;0;NA;"26";NA;"['2:tipo_de_distribuicao_redistribuicao:2:sorteio']";20171213161201;2017;"";NA;NA;"447.0";NA;20180201193934;2018;"447.0";NA;20180201193934;2018;"246.0";NA;20180413130232;"";"2018.0";"246.0";NA;20180413130232;"";"2018.0";"";NA;NA;"";"";"";NA;NA;NA;NA;NA;NA;NA;NA;NA;NA;NA;NA;NA;NA;NA;NA;NA;NA;NA;NA;"246";NA;20180413130232;2018;2;2;0;0;0;0;"['20180201193934', '20180202150526']";0;0;0;0;0;0;2;2;0;0;0;0;"['20180201193934', '20180202150526']";4;3;0;0;0;0;0;0;0;0;0;0;0;0;"[]";"51.0";NA;20180110112422;"447.0";NA;20180202150526;NA;NA;NA;NA;"";NA;NA;"False";0;0;0;0;NA;NA;NA;NA;"";0;0;NA;0;0;NA;0;0;NA;"";NA;NA;"[307]"
"processos-tjmsp";"TJMSP_1689_G2_29012_09003883020199260000";"TJMSP73250202108141628951283798";"TJMSP";"G2";"True";1689;"True";9003883020199260160;"True";1;"Justiça Militar Estadual";"10328, 10366";2;"True";NA;0;20191216185133;20191216185133;"True";1628951489911;20210814113129;29012;"True";0;"False";0;1;"True";1;"True";1;1;1;1;0;0;0;"M";0;0;0;0;0;1;0;0;0;0;0;0;"";1;1;1;0;0;0;0;0;0;0;15;0;NA;7;0;0;"";0;3;0;0;NA;"26.0";NA;"['2:tipo_de_distribuicao_redistribuicao:4:dependência']";20191216185133;2019;"";NA;NA;"239.0";NA;20200218184235;2020;"239.0";NA;20200218184235;2020;"246.0";NA;20200220190901;"";"2020.0";"246.0";NA;20200220190901;"";"2020.0";"";NA;NA;"";"";"";NA;NA;NA;NA;NA;NA;NA;NA;NA;NA;NA;NA;NA;NA;NA;NA;NA;NA;NA;NA;"246";NA;20200220190901;2020;1;0;0;1;0;0;"['20200218184235']";0;0;0;0;0;0;1;0;0;1;0;0;"['20200218184235']";0;0;0;0;0;0;0;0;0;0;0;0;0;0;"[]";"51.0";NA;20200206153057;"239.0";NA;20200218184235;NA;NA;NA;NA;"";NA;NA;"False";0;0;0;0;NA;NA;NA;NA;"";0;0;NA;0;0;NA;0;0;NA;"";NA;NA;"[1689]"
